ml_weight,prob_blend_alpha,min_lambda,goal_temperature,strategy,confidence_threshold,avg_points,objective,zero_zero_rate,pred_H,pred_D,pred_A,home_mean_pred,away_mean_pred,home_mean_act,away_mean_act
0.5,0.3,0.01,1.2,safe,0.35,1.1149425287356323,1.09151006461488,0.0,0.7257799671592776,0.11822660098522168,0.15599343185550082,1.7257799671592775,1.155993431855501,1.6075533661740558,1.3267651888341543
0.5,0.3,0.01,1.3,safe,0.35,1.1149425287356323,1.09151006461488,0.0,0.7257799671592776,0.11822660098522168,0.15599343185550082,1.7257799671592775,1.155993431855501,1.6075533661740558,1.3267651888341543
0.5,0.3,0.01,1.4,safe,0.35,1.1264367816091954,1.1025505969802765,0.0,0.7307060755336617,0.1149425287356322,0.15435139573070608,1.7307060755336618,1.154351395730706,1.6075533661740558,1.3267651888341543
0.5,0.3,0.01,1.5,safe,0.35,1.1297208538587848,1.1052876135458238,0.0,0.7323481116584566,0.1149425287356322,0.15270935960591134,1.7323481116584565,1.1527093596059113,1.6075533661740558,1.3267651888341543
0.5,0.3,0.01,1.6,safe,0.35,1.136288998357964,1.111855758045003,0.0,0.7339901477832512,0.11330049261083745,0.15270935960591134,1.7339901477832511,1.1527093596059113,1.6075533661740558,1.3267651888341543
0.5,0.3,0.01,1.8,safe,0.35,1.1412151067323482,1.117438680869305,0.0,0.735632183908046,0.1083743842364532,0.15599343185550082,1.735632183908046,1.155993431855501,1.6075533661740558,1.3267651888341543
0.5,0.3,0.03,1.2,safe,0.35,1.1149425287356323,1.09151006461488,0.0,0.7257799671592776,0.11822660098522168,0.15599343185550082,1.7257799671592775,1.155993431855501,1.6075533661740558,1.3267651888341543
0.5,0.3,0.03,1.3,safe,0.35,1.1149425287356323,1.09151006461488,0.0,0.7257799671592776,0.11822660098522168,0.15599343185550082,1.7257799671592775,1.155993431855501,1.6075533661740558,1.3267651888341543
0.5,0.3,0.03,1.4,safe,0.35,1.1264367816091954,1.1025505969802765,0.0,0.7307060755336617,0.1149425287356322,0.15435139573070608,1.7307060755336618,1.154351395730706,1.6075533661740558,1.3267651888341543
0.5,0.3,0.03,1.5,safe,0.35,1.1297208538587848,1.1052876135458238,0.0,0.7323481116584566,0.1149425287356322,0.15270935960591134,1.7323481116584565,1.1527093596059113,1.6075533661740558,1.3267651888341543
0.5,0.3,0.03,1.6,safe,0.35,1.136288998357964,1.111855758045003,0.0,0.7339901477832512,0.11330049261083745,0.15270935960591134,1.7339901477832511,1.1527093596059113,1.6075533661740558,1.3267651888341543
0.5,0.3,0.03,1.8,safe,0.35,1.1412151067323482,1.117438680869305,0.0,0.735632183908046,0.1083743842364532,0.15599343185550082,1.735632183908046,1.155993431855501,1.6075533661740558,1.3267651888341543
0.5,0.3,0.05,1.2,safe,0.35,1.1149425287356323,1.09151006461488,0.0,0.7257799671592776,0.11822660098522168,0.15599343185550082,1.7257799671592775,1.155993431855501,1.6075533661740558,1.3267651888341543
0.5,0.3,0.05,1.3,safe,0.35,1.1149425287356323,1.09151006461488,0.0,0.7257799671592776,0.11822660098522168,0.15599343185550082,1.7257799671592775,1.155993431855501,1.6075533661740558,1.3267651888341543
0.5,0.3,0.05,1.4,safe,0.35,1.1264367816091954,1.1025505969802765,0.0,0.7307060755336617,0.1149425287356322,0.15435139573070608,1.7307060755336618,1.154351395730706,1.6075533661740558,1.3267651888341543
0.5,0.3,0.05,1.5,safe,0.35,1.1297208538587848,1.1052876135458238,0.0,0.7323481116584566,0.1149425287356322,0.15270935960591134,1.7323481116584565,1.1527093596059113,1.6075533661740558,1.3267651888341543
0.5,0.3,0.05,1.6,safe,0.35,1.136288998357964,1.111855758045003,0.0,0.7339901477832512,0.11330049261083745,0.15270935960591134,1.7339901477832511,1.1527093596059113,1.6075533661740558,1.3267651888341543
0.5,0.3,0.05,1.8,safe,0.35,1.1412151067323482,1.117438680869305,0.0,0.735632183908046,0.1083743842364532,0.15599343185550082,1.735632183908046,1.155993431855501,1.6075533661740558,1.3267651888341543
0.5,0.3,0.08,1.2,safe,0.35,1.1149425287356323,1.09151006461488,0.0,0.7257799671592776,0.11822660098522168,0.15599343185550082,1.7257799671592775,1.155993431855501,1.6075533661740558,1.3267651888341543
0.5,0.3,0.08,1.3,safe,0.35,1.1149425287356323,1.09151006461488,0.0,0.7257799671592776,0.11822660098522168,0.15599343185550082,1.7257799671592775,1.155993431855501,1.6075533661740558,1.3267651888341543
0.5,0.3,0.08,1.4,safe,0.35,1.1264367816091954,1.1025505969802765,0.0,0.7307060755336617,0.1149425287356322,0.15435139573070608,1.7307060755336618,1.154351395730706,1.6075533661740558,1.3267651888341543
0.5,0.3,0.08,1.5,safe,0.35,1.1297208538587848,1.1052876135458238,0.0,0.7323481116584566,0.1149425287356322,0.15270935960591134,1.7323481116584565,1.1527093596059113,1.6075533661740558,1.3267651888341543
0.5,0.3,0.08,1.6,safe,0.35,1.136288998357964,1.111855758045003,0.0,0.7339901477832512,0.11330049261083745,0.15270935960591134,1.7339901477832511,1.1527093596059113,1.6075533661740558,1.3267651888341543
0.5,0.3,0.08,1.8,safe,0.35,1.1412151067323482,1.117438680869305,0.0,0.735632183908046,0.1083743842364532,0.15599343185550082,1.735632183908046,1.155993431855501,1.6075533661740558,1.3267651888341543
0.5,0.3,0.1,1.2,safe,0.35,1.1149425287356323,1.09151006461488,0.0,0.7257799671592776,0.11822660098522168,0.15599343185550082,1.7257799671592775,1.155993431855501,1.6075533661740558,1.3267651888341543
0.5,0.3,0.1,1.3,safe,0.35,1.1149425287356323,1.09151006461488,0.0,0.7257799671592776,0.11822660098522168,0.15599343185550082,1.7257799671592775,1.155993431855501,1.6075533661740558,1.3267651888341543
0.5,0.3,0.1,1.4,safe,0.35,1.1264367816091954,1.1025505969802765,0.0,0.7307060755336617,0.1149425287356322,0.15435139573070608,1.7307060755336618,1.154351395730706,1.6075533661740558,1.3267651888341543
0.5,0.3,0.1,1.5,safe,0.35,1.1297208538587848,1.1052876135458238,0.0,0.7323481116584566,0.1149425287356322,0.15270935960591134,1.7323481116584565,1.1527093596059113,1.6075533661740558,1.3267651888341543
0.5,0.3,0.1,1.6,safe,0.35,1.136288998357964,1.111855758045003,0.0,0.7339901477832512,0.11330049261083745,0.15270935960591134,1.7339901477832511,1.1527093596059113,1.6075533661740558,1.3267651888341543
0.5,0.3,0.1,1.8,safe,0.35,1.1412151067323482,1.117438680869305,0.0,0.735632183908046,0.1083743842364532,0.15599343185550082,1.735632183908046,1.155993431855501,1.6075533661740558,1.3267651888341543
0.5,0.4,0.01,1.2,safe,0.35,1.1264367816091954,1.1027753800699627,0.0,0.7323481116584564,0.1083743842364532,0.1592775041050903,1.7323481116584567,1.1592775041050902,1.6075533661740558,1.3267651888341543
0.5,0.4,0.01,1.3,safe,0.35,1.1395730706075533,1.1158071758603791,0.0,0.7389162561576356,0.10180623973727422,0.1592775041050903,1.7389162561576355,1.1592775041050902,1.6075533661740558,1.3267651888341543
0.5,0.4,0.01,1.4,safe,0.35,1.1330049261083743,1.109786087045242,0.0,0.7372742200328407,0.10180623973727422,0.16091954022988506,1.7372742200328408,1.160919540229885,1.6075533661740558,1.3267651888341543
0.5,0.4,0.01,1.5,safe,0.35,1.1280788177339902,1.1054070343549,0.0,0.7372742200328407,0.10016420361247948,0.1625615763546798,1.7372742200328408,1.1625615763546797,1.6075533661740558,1.3267651888341543
0.5,0.4,0.01,1.6,safe,0.35,1.134646962233169,1.1121782727958298,0.0,0.7372742200328407,0.09852216748768473,0.16420361247947454,1.7372742200328408,1.1642036124794746,1.6075533661740558,1.3267651888341543
0.5,0.4,0.01,1.8,safe,0.35,1.1313628899835795,1.1094412562302824,0.0,0.735632183908046,0.09852216748768473,0.16584564860426929,1.735632183908046,1.1658456486042692,1.6075533661740558,1.3267651888341543
0.5,0.4,0.03,1.2,safe,0.35,1.1264367816091954,1.1027753800699627,0.0,0.7323481116584564,0.1083743842364532,0.1592775041050903,1.7323481116584567,1.1592775041050902,1.6075533661740558,1.3267651888341543
0.5,0.4,0.03,1.3,safe,0.35,1.1395730706075533,1.1158071758603791,0.0,0.7389162561576356,0.10180623973727422,0.1592775041050903,1.7389162561576355,1.1592775041050902,1.6075533661740558,1.3267651888341543
0.5,0.4,0.03,1.4,safe,0.35,1.1330049261083743,1.109786087045242,0.0,0.7372742200328407,0.10180623973727422,0.16091954022988506,1.7372742200328408,1.160919540229885,1.6075533661740558,1.3267651888341543
0.5,0.4,0.03,1.5,safe,0.35,1.1280788177339902,1.1054070343549,0.0,0.7372742200328407,0.10016420361247948,0.1625615763546798,1.7372742200328408,1.1625615763546797,1.6075533661740558,1.3267651888341543
0.5,0.4,0.03,1.6,safe,0.35,1.134646962233169,1.1121782727958298,0.0,0.7372742200328407,0.09852216748768473,0.16420361247947454,1.7372742200328408,1.1642036124794746,1.6075533661740558,1.3267651888341543
0.5,0.4,0.03,1.8,safe,0.35,1.1313628899835795,1.1094412562302824,0.0,0.735632183908046,0.09852216748768473,0.16584564860426929,1.735632183908046,1.1658456486042692,1.6075533661740558,1.3267651888341543
0.5,0.4,0.05,1.2,safe,0.35,1.1264367816091954,1.1027753800699627,0.0,0.7323481116584564,0.1083743842364532,0.1592775041050903,1.7323481116584567,1.1592775041050902,1.6075533661740558,1.3267651888341543
0.5,0.4,0.05,1.3,safe,0.35,1.1395730706075533,1.1158071758603791,0.0,0.7389162561576356,0.10180623973727422,0.1592775041050903,1.7389162561576355,1.1592775041050902,1.6075533661740558,1.3267651888341543
0.5,0.4,0.05,1.4,safe,0.35,1.1330049261083743,1.109786087045242,0.0,0.7372742200328407,0.10180623973727422,0.16091954022988506,1.7372742200328408,1.160919540229885,1.6075533661740558,1.3267651888341543
0.5,0.4,0.05,1.5,safe,0.35,1.1280788177339902,1.1054070343549,0.0,0.7372742200328407,0.10016420361247948,0.1625615763546798,1.7372742200328408,1.1625615763546797,1.6075533661740558,1.3267651888341543
0.5,0.4,0.05,1.6,safe,0.35,1.134646962233169,1.1121782727958298,0.0,0.7372742200328407,0.09852216748768473,0.16420361247947454,1.7372742200328408,1.1642036124794746,1.6075533661740558,1.3267651888341543
0.5,0.4,0.05,1.8,safe,0.35,1.1313628899835795,1.1094412562302824,0.0,0.735632183908046,0.09852216748768473,0.16584564860426929,1.735632183908046,1.1658456486042692,1.6075533661740558,1.3267651888341543
0.5,0.4,0.08,1.2,safe,0.35,1.1264367816091954,1.1027753800699627,0.0,0.7323481116584564,0.1083743842364532,0.1592775041050903,1.7323481116584567,1.1592775041050902,1.6075533661740558,1.3267651888341543
0.5,0.4,0.08,1.3,safe,0.35,1.1395730706075533,1.1158071758603791,0.0,0.7389162561576356,0.10180623973727422,0.1592775041050903,1.7389162561576355,1.1592775041050902,1.6075533661740558,1.3267651888341543
0.5,0.4,0.08,1.4,safe,0.35,1.1330049261083743,1.109786087045242,0.0,0.7372742200328407,0.10180623973727422,0.16091954022988506,1.7372742200328408,1.160919540229885,1.6075533661740558,1.3267651888341543
0.5,0.4,0.08,1.5,safe,0.35,1.1280788177339902,1.1054070343549,0.0,0.7372742200328407,0.10016420361247948,0.1625615763546798,1.7372742200328408,1.1625615763546797,1.6075533661740558,1.3267651888341543
0.5,0.4,0.08,1.6,safe,0.35,1.134646962233169,1.1121782727958298,0.0,0.7372742200328407,0.09852216748768473,0.16420361247947454,1.7372742200328408,1.1642036124794746,1.6075533661740558,1.3267651888341543
0.5,0.4,0.08,1.8,safe,0.35,1.1313628899835795,1.1094412562302824,0.0,0.735632183908046,0.09852216748768473,0.16584564860426929,1.735632183908046,1.1658456486042692,1.6075533661740558,1.3267651888341543
0.5,0.4,0.1,1.2,safe,0.35,1.1264367816091954,1.1027753800699627,0.0,0.7323481116584564,0.1083743842364532,0.1592775041050903,1.7323481116584567,1.1592775041050902,1.6075533661740558,1.3267651888341543
0.5,0.4,0.1,1.3,safe,0.35,1.1395730706075533,1.1158071758603791,0.0,0.7389162561576356,0.10180623973727422,0.1592775041050903,1.7389162561576355,1.1592775041050902,1.6075533661740558,1.3267651888341543
0.5,0.4,0.1,1.4,safe,0.35,1.1330049261083743,1.109786087045242,0.0,0.7372742200328407,0.10180623973727422,0.16091954022988506,1.7372742200328408,1.160919540229885,1.6075533661740558,1.3267651888341543
0.5,0.4,0.1,1.5,safe,0.35,1.1280788177339902,1.1054070343549,0.0,0.7372742200328407,0.10016420361247948,0.1625615763546798,1.7372742200328408,1.1625615763546797,1.6075533661740558,1.3267651888341543
0.5,0.4,0.1,1.6,safe,0.35,1.134646962233169,1.1121782727958298,0.0,0.7372742200328407,0.09852216748768473,0.16420361247947454,1.7372742200328408,1.1642036124794746,1.6075533661740558,1.3267651888341543
0.5,0.4,0.1,1.8,safe,0.35,1.1313628899835795,1.1094412562302824,0.0,0.735632183908046,0.09852216748768473,0.16584564860426929,1.735632183908046,1.1658456486042692,1.6075533661740558,1.3267651888341543
0.5,0.45,0.01,1.2,safe,0.35,1.1247947454844007,1.1025447045061445,0.0,0.7323481116584564,0.10344827586206896,0.16420361247947454,1.7323481116584565,1.1642036124794746,1.6075533661740558,1.3267651888341543
0.5,0.45,0.01,1.3,safe,0.35,1.1313628899835795,1.1094412562302824,0.0,0.735632183908046,0.09852216748768473,0.16584564860426929,1.735632183908046,1.1658456486042692,1.6075533661740558,1.3267651888341543
0.5,0.45,0.01,1.4,safe,0.35,1.1362889983579638,1.1156965480218346,0.0,0.7307060755336617,0.09852216748768473,0.17077175697865354,1.7307060755336616,1.1707717569786535,1.6075533661740558,1.3267651888341543
0.5,0.45,0.01,1.5,safe,0.35,1.1346469622331692,1.1144970743731402,0.0,0.7323481116584566,0.09523809523809523,0.1724137931034483,1.7323481116584565,1.1724137931034482,1.6075533661740558,1.3267651888341543
0.5,0.45,0.01,1.6,safe,0.35,1.1346469622331692,1.1143925811651987,0.0,0.7339901477832512,0.09359605911330049,0.1724137931034483,1.7339901477832511,1.1724137931034482,1.6075533661740558,1.3267651888341543
0.5,0.45,0.01,1.8,safe,0.35,1.1379310344827587,1.1179005674318059,0.0,0.735632183908046,0.090311986863711,0.17405582922824303,1.735632183908046,1.174055829228243,1.6075533661740558,1.3267651888341543
0.5,0.45,0.03,1.2,safe,0.35,1.1247947454844007,1.1025447045061445,0.0,0.7323481116584564,0.10344827586206896,0.16420361247947454,1.7323481116584565,1.1642036124794746,1.6075533661740558,1.3267651888341543
0.5,0.45,0.03,1.3,safe,0.35,1.1313628899835795,1.1094412562302824,0.0,0.735632183908046,0.09852216748768473,0.16584564860426929,1.735632183908046,1.1658456486042692,1.6075533661740558,1.3267651888341543
0.5,0.45,0.03,1.4,safe,0.35,1.1362889983579638,1.1156965480218346,0.0,0.7307060755336617,0.09852216748768473,0.17077175697865354,1.7307060755336616,1.1707717569786535,1.6075533661740558,1.3267651888341543
0.5,0.45,0.03,1.5,safe,0.35,1.1346469622331692,1.1144970743731402,0.0,0.7323481116584566,0.09523809523809523,0.1724137931034483,1.7323481116584565,1.1724137931034482,1.6075533661740558,1.3267651888341543
0.5,0.45,0.03,1.6,safe,0.35,1.1346469622331692,1.1143925811651987,0.0,0.7339901477832512,0.09359605911330049,0.1724137931034483,1.7339901477832511,1.1724137931034482,1.6075533661740558,1.3267651888341543
0.5,0.45,0.03,1.8,safe,0.35,1.1379310344827587,1.1179005674318059,0.0,0.735632183908046,0.090311986863711,0.17405582922824303,1.735632183908046,1.174055829228243,1.6075533661740558,1.3267651888341543
0.5,0.45,0.05,1.2,safe,0.35,1.1247947454844007,1.1025447045061445,0.0,0.7323481116584564,0.10344827586206896,0.16420361247947454,1.7323481116584565,1.1642036124794746,1.6075533661740558,1.3267651888341543
0.5,0.45,0.05,1.3,safe,0.35,1.1313628899835795,1.1094412562302824,0.0,0.735632183908046,0.09852216748768473,0.16584564860426929,1.735632183908046,1.1658456486042692,1.6075533661740558,1.3267651888341543
0.5,0.45,0.05,1.4,safe,0.35,1.1362889983579638,1.1156965480218346,0.0,0.7307060755336617,0.09852216748768473,0.17077175697865354,1.7307060755336616,1.1707717569786535,1.6075533661740558,1.3267651888341543
0.5,0.45,0.05,1.5,safe,0.35,1.1346469622331692,1.1144970743731402,0.0,0.7323481116584566,0.09523809523809523,0.1724137931034483,1.7323481116584565,1.1724137931034482,1.6075533661740558,1.3267651888341543
0.5,0.45,0.05,1.6,safe,0.35,1.1346469622331692,1.1143925811651987,0.0,0.7339901477832512,0.09359605911330049,0.1724137931034483,1.7339901477832511,1.1724137931034482,1.6075533661740558,1.3267651888341543
0.5,0.45,0.05,1.8,safe,0.35,1.1379310344827587,1.1179005674318059,0.0,0.735632183908046,0.090311986863711,0.17405582922824303,1.735632183908046,1.174055829228243,1.6075533661740558,1.3267651888341543
0.5,0.45,0.08,1.2,safe,0.35,1.1247947454844007,1.1025447045061445,0.0,0.7323481116584564,0.10344827586206896,0.16420361247947454,1.7323481116584565,1.1642036124794746,1.6075533661740558,1.3267651888341543
0.5,0.45,0.08,1.3,safe,0.35,1.1313628899835795,1.1094412562302824,0.0,0.735632183908046,0.09852216748768473,0.16584564860426929,1.735632183908046,1.1658456486042692,1.6075533661740558,1.3267651888341543
0.5,0.45,0.08,1.4,safe,0.35,1.1362889983579638,1.1156965480218346,0.0,0.7307060755336617,0.09852216748768473,0.17077175697865354,1.7307060755336616,1.1707717569786535,1.6075533661740558,1.3267651888341543
0.5,0.45,0.08,1.5,safe,0.35,1.1346469622331692,1.1144970743731402,0.0,0.7323481116584566,0.09523809523809523,0.1724137931034483,1.7323481116584565,1.1724137931034482,1.6075533661740558,1.3267651888341543
0.5,0.45,0.08,1.6,safe,0.35,1.1346469622331692,1.1143925811651987,0.0,0.7339901477832512,0.09359605911330049,0.1724137931034483,1.7339901477832511,1.1724137931034482,1.6075533661740558,1.3267651888341543
0.5,0.45,0.08,1.8,safe,0.35,1.1379310344827587,1.1179005674318059,0.0,0.735632183908046,0.090311986863711,0.17405582922824303,1.735632183908046,1.174055829228243,1.6075533661740558,1.3267651888341543
0.5,0.45,0.1,1.2,safe,0.35,1.1247947454844007,1.1025447045061445,0.0,0.7323481116584564,0.10344827586206896,0.16420361247947454,1.7323481116584565,1.1642036124794746,1.6075533661740558,1.3267651888341543
0.5,0.45,0.1,1.3,safe,0.35,1.1313628899835795,1.1094412562302824,0.0,0.735632183908046,0.09852216748768473,0.16584564860426929,1.735632183908046,1.1658456486042692,1.6075533661740558,1.3267651888341543
0.5,0.45,0.1,1.4,safe,0.35,1.1362889983579638,1.1156965480218346,0.0,0.7307060755336617,0.09852216748768473,0.17077175697865354,1.7307060755336616,1.1707717569786535,1.6075533661740558,1.3267651888341543
0.5,0.45,0.1,1.5,safe,0.35,1.1346469622331692,1.1144970743731402,0.0,0.7323481116584566,0.09523809523809523,0.1724137931034483,1.7323481116584565,1.1724137931034482,1.6075533661740558,1.3267651888341543
0.5,0.45,0.1,1.6,safe,0.35,1.1346469622331692,1.1143925811651987,0.0,0.7339901477832512,0.09359605911330049,0.1724137931034483,1.7339901477832511,1.1724137931034482,1.6075533661740558,1.3267651888341543
0.5,0.45,0.1,1.8,safe,0.35,1.1379310344827587,1.1179005674318059,0.0,0.735632183908046,0.090311986863711,0.17405582922824303,1.735632183908046,1.174055829228243,1.6075533661740558,1.3267651888341543
0.5,0.5,0.01,1.2,safe,0.35,1.1264367816091954,1.106839214991143,0.0,0.7274220032840724,0.09688013136288998,0.17569786535303777,1.7274220032840724,1.1756978653530379,1.6075533661740558,1.3267651888341543
0.5,0.5,0.01,1.3,safe,0.35,1.1330049261083743,1.1133028662823805,0.0,0.7339901477832512,0.090311986863711,0.17569786535303777,1.7339901477832511,1.1756978653530379,1.6075533661740558,1.3267651888341543
0.5,0.5,0.01,1.4,safe,0.35,1.1346469622331694,1.1163674210002184,0.0,0.7307060755336617,0.08866995073891626,0.180623973727422,1.7307060755336616,1.180623973727422,1.6075533661740558,1.3267651888341543
0.5,0.5,0.01,1.5,safe,0.35,1.129720853858785,1.1113368194178925,0.0,0.735632183908046,0.08374384236453201,0.180623973727422,1.735632183908046,1.180623973727422,1.6075533661740558,1.3267651888341543
0.5,0.5,0.01,1.6,safe,0.35,1.1231527093596059,1.1042104612026051,0.0,0.7405582922824302,0.08045977011494253,0.17898193760262726,1.74055829228243,1.1789819376026272,1.6075533661740558,1.3267651888341543
0.5,0.5,0.01,1.8,safe,0.35,1.1412151067323482,1.122486640880105,0.0,0.7438423645320197,0.0755336617405583,0.180623973727422,1.7438423645320196,1.180623973727422,1.6075533661740558,1.3267651888341543
0.5,0.5,0.03,1.2,safe,0.35,1.1264367816091954,1.106839214991143,0.0,0.7274220032840724,0.09688013136288998,0.17569786535303777,1.7274220032840724,1.1756978653530379,1.6075533661740558,1.3267651888341543
0.5,0.5,0.03,1.3,safe,0.35,1.1330049261083743,1.1133028662823805,0.0,0.7339901477832512,0.090311986863711,0.17569786535303777,1.7339901477832511,1.1756978653530379,1.6075533661740558,1.3267651888341543
0.5,0.5,0.03,1.4,safe,0.35,1.1346469622331694,1.1163674210002184,0.0,0.7307060755336617,0.08866995073891626,0.180623973727422,1.7307060755336616,1.180623973727422,1.6075533661740558,1.3267651888341543
0.5,0.5,0.03,1.5,safe,0.35,1.129720853858785,1.1113368194178925,0.0,0.735632183908046,0.08374384236453201,0.180623973727422,1.735632183908046,1.180623973727422,1.6075533661740558,1.3267651888341543
0.5,0.5,0.03,1.6,safe,0.35,1.1231527093596059,1.1042104612026051,0.0,0.7405582922824302,0.08045977011494253,0.17898193760262726,1.74055829228243,1.1789819376026272,1.6075533661740558,1.3267651888341543
0.5,0.5,0.03,1.8,safe,0.35,1.1412151067323482,1.122486640880105,0.0,0.7438423645320197,0.0755336617405583,0.180623973727422,1.7438423645320196,1.180623973727422,1.6075533661740558,1.3267651888341543
0.5,0.5,0.05,1.2,safe,0.35,1.1264367816091954,1.106839214991143,0.0,0.7274220032840724,0.09688013136288998,0.17569786535303777,1.7274220032840724,1.1756978653530379,1.6075533661740558,1.3267651888341543
0.5,0.5,0.05,1.3,safe,0.35,1.1330049261083743,1.1133028662823805,0.0,0.7339901477832512,0.090311986863711,0.17569786535303777,1.7339901477832511,1.1756978653530379,1.6075533661740558,1.3267651888341543
0.5,0.5,0.05,1.4,safe,0.35,1.1346469622331694,1.1163674210002184,0.0,0.7307060755336617,0.08866995073891626,0.180623973727422,1.7307060755336616,1.180623973727422,1.6075533661740558,1.3267651888341543
0.5,0.5,0.05,1.5,safe,0.35,1.129720853858785,1.1113368194178925,0.0,0.735632183908046,0.08374384236453201,0.180623973727422,1.735632183908046,1.180623973727422,1.6075533661740558,1.3267651888341543
0.5,0.5,0.05,1.6,safe,0.35,1.1231527093596059,1.1042104612026051,0.0,0.7405582922824302,0.08045977011494253,0.17898193760262726,1.74055829228243,1.1789819376026272,1.6075533661740558,1.3267651888341543
0.5,0.5,0.05,1.8,safe,0.35,1.1412151067323482,1.122486640880105,0.0,0.7438423645320197,0.0755336617405583,0.180623973727422,1.7438423645320196,1.180623973727422,1.6075533661740558,1.3267651888341543
0.5,0.5,0.08,1.2,safe,0.35,1.1264367816091954,1.106839214991143,0.0,0.7274220032840724,0.09688013136288998,0.17569786535303777,1.7274220032840724,1.1756978653530379,1.6075533661740558,1.3267651888341543
0.5,0.5,0.08,1.3,safe,0.35,1.1330049261083743,1.1133028662823805,0.0,0.7339901477832512,0.090311986863711,0.17569786535303777,1.7339901477832511,1.1756978653530379,1.6075533661740558,1.3267651888341543
0.5,0.5,0.08,1.4,safe,0.35,1.1346469622331694,1.1163674210002184,0.0,0.7307060755336617,0.08866995073891626,0.180623973727422,1.7307060755336616,1.180623973727422,1.6075533661740558,1.3267651888341543
0.5,0.5,0.08,1.5,safe,0.35,1.129720853858785,1.1113368194178925,0.0,0.735632183908046,0.08374384236453201,0.180623973727422,1.735632183908046,1.180623973727422,1.6075533661740558,1.3267651888341543
0.5,0.5,0.08,1.6,safe,0.35,1.1231527093596059,1.1042104612026051,0.0,0.7405582922824302,0.08045977011494253,0.17898193760262726,1.74055829228243,1.1789819376026272,1.6075533661740558,1.3267651888341543
0.5,0.5,0.08,1.8,safe,0.35,1.1412151067323482,1.122486640880105,0.0,0.7438423645320197,0.0755336617405583,0.180623973727422,1.7438423645320196,1.180623973727422,1.6075533661740558,1.3267651888341543
0.5,0.5,0.1,1.2,safe,0.35,1.1264367816091954,1.106839214991143,0.0,0.7274220032840724,0.09688013136288998,0.17569786535303777,1.7274220032840724,1.1756978653530379,1.6075533661740558,1.3267651888341543
0.5,0.5,0.1,1.3,safe,0.35,1.1330049261083743,1.1133028662823805,0.0,0.7339901477832512,0.090311986863711,0.17569786535303777,1.7339901477832511,1.1756978653530379,1.6075533661740558,1.3267651888341543
0.5,0.5,0.1,1.4,safe,0.35,1.1346469622331694,1.1163674210002184,0.0,0.7307060755336617,0.08866995073891626,0.180623973727422,1.7307060755336616,1.180623973727422,1.6075533661740558,1.3267651888341543
0.5,0.5,0.1,1.5,safe,0.35,1.129720853858785,1.1113368194178925,0.0,0.735632183908046,0.08374384236453201,0.180623973727422,1.735632183908046,1.180623973727422,1.6075533661740558,1.3267651888341543
0.5,0.5,0.1,1.6,safe,0.35,1.1231527093596059,1.1042104612026051,0.0,0.7405582922824302,0.08045977011494253,0.17898193760262726,1.74055829228243,1.1789819376026272,1.6075533661740558,1.3267651888341543
0.5,0.5,0.1,1.8,safe,0.35,1.1412151067323482,1.122486640880105,0.0,0.7438423645320197,0.0755336617405583,0.180623973727422,1.7438423645320196,1.180623973727422,1.6075533661740558,1.3267651888341543
0.5,0.6,0.01,1.2,safe,0.35,1.134646962233169,1.116575310830844,0.0,0.7405582922824303,0.0755336617405583,0.1839080459770115,1.7405582922824303,1.1839080459770115,1.6075533661740558,1.3267651888341543
0.5,0.6,0.01,1.3,safe,0.35,1.1280788177339902,1.111429684924708,0.0,0.7372742200328407,0.07389162561576355,0.18883415435139572,1.7372742200328408,1.1888341543513958,1.6075533661740558,1.3267651888341543
0.5,0.6,0.01,1.4,safe,0.35,1.1412151067323482,1.1259035989835162,0.0,0.7405582922824303,0.06403940886699507,0.19540229885057472,1.7405582922824303,1.1954022988505748,1.6075533661740558,1.3267651888341543
0.5,0.6,0.01,1.5,safe,0.35,1.1461412151067325,1.1309715195686783,0.0,0.7405582922824302,0.06239737274220033,0.19704433497536947,1.74055829228243,1.1970443349753694,1.6075533661740558,1.3267651888341543
0.5,0.6,0.01,1.6,safe,0.35,1.1395730706075533,1.1249584127002599,0.0,0.7389162561576356,0.060755336617405585,0.20032840722495895,1.7389162561576355,1.200328407224959,1.6075533661740558,1.3267651888341543
0.5,0.6,0.01,1.8,safe,0.35,1.1461412151067323,1.1320346422590164,0.0,0.7422003284072249,0.055829228243021355,0.2019704433497537,1.7422003284072252,1.2019704433497538,1.6075533661740558,1.3267651888341543
0.5,0.6,0.03,1.2,safe,0.35,1.134646962233169,1.116575310830844,0.0,0.7405582922824303,0.0755336617405583,0.1839080459770115,1.7405582922824303,1.1839080459770115,1.6075533661740558,1.3267651888341543
0.5,0.6,0.03,1.3,safe,0.35,1.1280788177339902,1.111429684924708,0.0,0.7372742200328407,0.07389162561576355,0.18883415435139572,1.7372742200328408,1.1888341543513958,1.6075533661740558,1.3267651888341543
0.5,0.6,0.03,1.4,safe,0.35,1.1412151067323482,1.1259035989835162,0.0,0.7405582922824303,0.06403940886699507,0.19540229885057472,1.7405582922824303,1.1954022988505748,1.6075533661740558,1.3267651888341543
0.5,0.6,0.03,1.5,safe,0.35,1.1461412151067325,1.1309715195686783,0.0,0.7405582922824302,0.06239737274220033,0.19704433497536947,1.74055829228243,1.1970443349753694,1.6075533661740558,1.3267651888341543
0.5,0.6,0.03,1.6,safe,0.35,1.1395730706075533,1.1249584127002599,0.0,0.7389162561576356,0.060755336617405585,0.20032840722495895,1.7389162561576355,1.200328407224959,1.6075533661740558,1.3267651888341543
0.5,0.6,0.03,1.8,safe,0.35,1.1461412151067323,1.1320346422590164,0.0,0.7422003284072249,0.055829228243021355,0.2019704433497537,1.7422003284072252,1.2019704433497538,1.6075533661740558,1.3267651888341543
0.5,0.6,0.05,1.2,safe,0.35,1.134646962233169,1.116575310830844,0.0,0.7405582922824303,0.0755336617405583,0.1839080459770115,1.7405582922824303,1.1839080459770115,1.6075533661740558,1.3267651888341543
0.5,0.6,0.05,1.3,safe,0.35,1.1280788177339902,1.111429684924708,0.0,0.7372742200328407,0.07389162561576355,0.18883415435139572,1.7372742200328408,1.1888341543513958,1.6075533661740558,1.3267651888341543
0.5,0.6,0.05,1.4,safe,0.35,1.1412151067323482,1.1259035989835162,0.0,0.7405582922824303,0.06403940886699507,0.19540229885057472,1.7405582922824303,1.1954022988505748,1.6075533661740558,1.3267651888341543
0.5,0.6,0.05,1.5,safe,0.35,1.1461412151067325,1.1309715195686783,0.0,0.7405582922824302,0.06239737274220033,0.19704433497536947,1.74055829228243,1.1970443349753694,1.6075533661740558,1.3267651888341543
0.5,0.6,0.05,1.6,safe,0.35,1.1395730706075533,1.1249584127002599,0.0,0.7389162561576356,0.060755336617405585,0.20032840722495895,1.7389162561576355,1.200328407224959,1.6075533661740558,1.3267651888341543
0.5,0.6,0.05,1.8,safe,0.35,1.1461412151067323,1.1320346422590164,0.0,0.7422003284072249,0.055829228243021355,0.2019704433497537,1.7422003284072252,1.2019704433497538,1.6075533661740558,1.3267651888341543
0.5,0.6,0.08,1.2,safe,0.35,1.134646962233169,1.116575310830844,0.0,0.7405582922824303,0.0755336617405583,0.1839080459770115,1.7405582922824303,1.1839080459770115,1.6075533661740558,1.3267651888341543
0.5,0.6,0.08,1.3,safe,0.35,1.1280788177339902,1.111429684924708,0.0,0.7372742200328407,0.07389162561576355,0.18883415435139572,1.7372742200328408,1.1888341543513958,1.6075533661740558,1.3267651888341543
0.5,0.6,0.08,1.4,safe,0.35,1.1412151067323482,1.1259035989835162,0.0,0.7405582922824303,0.06403940886699507,0.19540229885057472,1.7405582922824303,1.1954022988505748,1.6075533661740558,1.3267651888341543
0.5,0.6,0.08,1.5,safe,0.35,1.1461412151067325,1.1309715195686783,0.0,0.7405582922824302,0.06239737274220033,0.19704433497536947,1.74055829228243,1.1970443349753694,1.6075533661740558,1.3267651888341543
0.5,0.6,0.08,1.6,safe,0.35,1.1395730706075533,1.1249584127002599,0.0,0.7389162561576356,0.060755336617405585,0.20032840722495895,1.7389162561576355,1.200328407224959,1.6075533661740558,1.3267651888341543
0.5,0.6,0.08,1.8,safe,0.35,1.1461412151067323,1.1320346422590164,0.0,0.7422003284072249,0.055829228243021355,0.2019704433497537,1.7422003284072252,1.2019704433497538,1.6075533661740558,1.3267651888341543
0.5,0.6,0.1,1.2,safe,0.35,1.134646962233169,1.116575310830844,0.0,0.7405582922824303,0.0755336617405583,0.1839080459770115,1.7405582922824303,1.1839080459770115,1.6075533661740558,1.3267651888341543
0.5,0.6,0.1,1.3,safe,0.35,1.1280788177339902,1.111429684924708,0.0,0.7372742200328407,0.07389162561576355,0.18883415435139572,1.7372742200328408,1.1888341543513958,1.6075533661740558,1.3267651888341543
0.5,0.6,0.1,1.4,safe,0.35,1.1412151067323482,1.1259035989835162,0.0,0.7405582922824303,0.06403940886699507,0.19540229885057472,1.7405582922824303,1.1954022988505748,1.6075533661740558,1.3267651888341543
0.5,0.6,0.1,1.5,safe,0.35,1.1461412151067325,1.1309715195686783,0.0,0.7405582922824302,0.06239737274220033,0.19704433497536947,1.74055829228243,1.1970443349753694,1.6075533661740558,1.3267651888341543
0.5,0.6,0.1,1.6,safe,0.35,1.1395730706075533,1.1249584127002599,0.0,0.7389162561576356,0.060755336617405585,0.20032840722495895,1.7389162561576355,1.200328407224959,1.6075533661740558,1.3267651888341543
0.5,0.6,0.1,1.8,safe,0.35,1.1461412151067323,1.1320346422590164,0.0,0.7422003284072249,0.055829228243021355,0.2019704433497537,1.7422003284072252,1.2019704433497538,1.6075533661740558,1.3267651888341543
0.55,0.3,0.01,1.2,safe,0.35,1.116584564860427,1.0921513245474659,0.0,0.7274220032840722,0.11986863711001643,0.15270935960591134,1.7274220032840724,1.1527093596059113,1.6075533661740558,1.3267651888341543
0.55,0.3,0.01,1.3,safe,0.35,1.1198686371100164,1.0957638040220143,0.0,0.729064039408867,0.11658456486042694,0.15435139573070608,1.7290640394088668,1.154351395730706,1.6075533661740558,1.3267651888341543
0.55,0.3,0.01,1.4,safe,0.35,1.1247947454844007,1.100236191888232,0.0,0.7307060755336617,0.11658456486042694,0.15270935960591134,1.7307060755336616,1.1527093596059113,1.6075533661740558,1.3267651888341543
0.55,0.3,0.01,1.5,safe,0.35,1.12807881773399,1.10384867136278,0.0,0.7307060755336617,0.1149425287356322,0.15435139573070608,1.7307060755336616,1.154351395730706,1.6075533661740558,1.3267651888341543
0.55,0.3,0.01,1.6,safe,0.35,1.1346469622331692,1.1107452230869181,0.0,0.7307060755336617,0.11330049261083745,0.15599343185550082,1.7307060755336616,1.155993431855501,1.6075533661740558,1.3267651888341543
0.55,0.3,0.01,1.8,safe,0.35,1.1395730706075533,1.1164423011623616,0.0,0.7339901477832512,0.10673234811165845,0.1592775041050903,1.7339901477832511,1.1592775041050905,1.6075533661740558,1.3267651888341543
0.55,0.3,0.03,1.2,safe,0.35,1.116584564860427,1.0921513245474659,0.0,0.7274220032840722,0.11986863711001643,0.15270935960591134,1.7274220032840724,1.1527093596059113,1.6075533661740558,1.3267651888341543
0.55,0.3,0.03,1.3,safe,0.35,1.1198686371100164,1.0957638040220143,0.0,0.729064039408867,0.11658456486042694,0.15435139573070608,1.7290640394088668,1.154351395730706,1.6075533661740558,1.3267651888341543
0.55,0.3,0.03,1.4,safe,0.35,1.1247947454844007,1.100236191888232,0.0,0.7307060755336617,0.11658456486042694,0.15270935960591134,1.7307060755336616,1.1527093596059113,1.6075533661740558,1.3267651888341543
0.55,0.3,0.03,1.5,safe,0.35,1.12807881773399,1.10384867136278,0.0,0.7307060755336617,0.1149425287356322,0.15435139573070608,1.7307060755336616,1.154351395730706,1.6075533661740558,1.3267651888341543
0.55,0.3,0.03,1.6,safe,0.35,1.1346469622331692,1.1107452230869181,0.0,0.7307060755336617,0.11330049261083745,0.15599343185550082,1.7307060755336616,1.155993431855501,1.6075533661740558,1.3267651888341543
0.55,0.3,0.03,1.8,safe,0.35,1.1395730706075533,1.1164423011623616,0.0,0.7339901477832512,0.10673234811165845,0.1592775041050903,1.7339901477832511,1.1592775041050905,1.6075533661740558,1.3267651888341543
0.55,0.3,0.05,1.2,safe,0.35,1.116584564860427,1.0921513245474659,0.0,0.7274220032840722,0.11986863711001643,0.15270935960591134,1.7274220032840724,1.1527093596059113,1.6075533661740558,1.3267651888341543
0.55,0.3,0.05,1.3,safe,0.35,1.1198686371100164,1.0957638040220143,0.0,0.729064039408867,0.11658456486042694,0.15435139573070608,1.7290640394088668,1.154351395730706,1.6075533661740558,1.3267651888341543
0.55,0.3,0.05,1.4,safe,0.35,1.1247947454844007,1.100236191888232,0.0,0.7307060755336617,0.11658456486042694,0.15270935960591134,1.7307060755336616,1.1527093596059113,1.6075533661740558,1.3267651888341543
0.55,0.3,0.05,1.5,safe,0.35,1.12807881773399,1.10384867136278,0.0,0.7307060755336617,0.1149425287356322,0.15435139573070608,1.7307060755336616,1.154351395730706,1.6075533661740558,1.3267651888341543
0.55,0.4,0.03,1.3,safe,0.4,1.1309963099630997,1.1172776416839798,0.0,0.6863468634686347,0.09040590405904059,0.22324723247232475,1.6863468634686347,1.2232472324723247,1.6162361623616235,1.3394833948339482
0.55,0.4,0.03,1.5,safe,0.4,1.1291512915129152,1.1154326232337954,0.0,0.6863468634686347,0.08671586715867159,0.2269372693726937,1.6863468634686347,1.2269372693726939,1.6162361623616235,1.3394833948339482
0.55,0.4,0.05,1.3,safe,0.4,1.1309963099630997,1.1172776416839798,0.0,0.6863468634686347,0.09040590405904059,0.22324723247232475,1.6863468634686347,1.2232472324723247,1.6162361623616235,1.3394833948339482
0.55,0.4,0.05,1.5,safe,0.4,1.1291512915129152,1.1154326232337954,0.0,0.6863468634686347,0.08671586715867159,0.2269372693726937,1.6863468634686347,1.2269372693726939,1.6162361623616235,1.3394833948339482
0.55,0.45,0.03,1.3,safe,0.4,1.1143911439114391,1.1001634159198734,0.0,0.6863468634686347,0.08302583025830258,0.23062730627306272,1.6863468634686347,1.2306273062730626,1.6162361623616235,1.3394833948339482
0.55,0.45,0.03,1.5,safe,0.4,1.129151291512915,1.1149235635213495,0.0,0.6900369003690037,0.07933579335793359,0.23062730627306272,1.6900369003690037,1.2306273062730626,1.6162361623616235,1.3394833948339482
0.55,0.45,0.05,1.3,safe,0.4,1.1143911439114391,1.1001634159198734,0.0,0.6863468634686347,0.08302583025830258,0.23062730627306272,1.6863468634686347,1.2306273062730626,1.6162361623616235,1.3394833948339482
0.55,0.45,0.05,1.5,safe,0.4,1.129151291512915,1.1149235635213495,0.0,0.6900369003690037,0.07933579335793359,0.23062730627306272,1.6900369003690037,1.2306273062730626,1.6162361623616235,1.3394833948339482
0.6,0.4,0.03,1.3,safe,0.4,1.140221402214022,1.1265027339349025,0.0,0.6808118081180812,0.0959409594095941,0.22324723247232475,1.6808118081180812,1.2232472324723247,1.6162361623616235,1.3394833948339482
0.6,0.4,0.03,1.5,safe,0.4,1.1143911439114391,1.1006724756323194,0.0,0.6826568265682658,0.08856088560885608,0.22878228782287824,1.6826568265682655,1.2287822878228782,1.6162361623616235,1.3394833948339482
0.6,0.4,0.05,1.3,safe,0.4,1.140221402214022,1.1265027339349025,0.0,0.6808118081180812,0.0959409594095941,0.22324723247232475,1.6808118081180812,1.2232472324723247,1.6162361623616235,1.3394833948339482
0.6,0.4,0.05,1.5,safe,0.4,1.1143911439114391,1.1006724756323194,0.0,0.6826568265682658,0.08856088560885608,0.22878228782287824,1.6826568265682655,1.2287822878228782,1.6162361623616235,1.3394833948339482
0.6,0.45,0.03,1.3,safe,0.4,1.1162361623616235,1.102008434370058,0.0,0.6826568265682658,0.08856088560885608,0.22878228782287824,1.6826568265682658,1.2287822878228782,1.6162361623616235,1.3394833948339482
0.6,0.45,0.03,1.5,safe,0.4,1.1254612546125462,1.1112335266209805,0.0,0.6918819188191883,0.07933579335793357,0.22878228782287824,1.6918819188191883,1.2287822878228782,1.6162361623616235,1.3394833948339482
0.6,0.45,0.05,1.3,safe,0.4,1.1162361623616235,1.102008434370058,0.0,0.6826568265682658,0.08856088560885608,0.22878228782287824,1.6826568265682658,1.2287822878228782,1.6162361623616235,1.3394833948339482
0.6,0.45,0.05,1.5,safe,0.4,1.1254612546125462,1.1112335266209805,0.0,0.6918819188191883,0.07933579335793357,0.22878228782287824,1.6918819188191883,1.2287822878228782,1.6162361623616235,1.3394833948339482
0.55,0.4,0.03,1.3,safe,0.45,1.1309963099630997,1.1172776416839798,0.0,0.6863468634686347,0.09040590405904059,0.22324723247232475,1.6863468634686347,1.2232472324723247,1.6162361623616235,1.3394833948339482
0.55,0.4,0.03,1.5,safe,0.45,1.1291512915129152,1.1154326232337954,0.0,0.6863468634686347,0.08671586715867159,0.2269372693726937,1.6863468634686347,1.2269372693726939,1.6162361623616235,1.3394833948339482
0.55,0.4,0.05,1.3,safe,0.45,1.1309963099630997,1.1172776416839798,0.0,0.6863468634686347,0.09040590405904059,0.22324723247232475,1.6863468634686347,1.2232472324723247,1.6162361623616235,1.3394833948339482
0.55,0.4,0.05,1.5,safe,0.45,1.1291512915129152,1.1154326232337954,0.0,0.6863468634686347,0.08671586715867159,0.2269372693726937,1.6863468634686347,1.2269372693726939,1.6162361623616235,1.3394833948339482
0.55,0.45,0.03,1.3,safe,0.45,1.1143911439114391,1.1001634159198734,0.0,0.6863468634686347,0.08302583025830258,0.23062730627306272,1.6863468634686347,1.2306273062730626,1.6162361623616235,1.3394833948339482
0.55,0.45,0.03,1.5,safe,0.45,1.129151291512915,1.1149235635213495,0.0,0.6900369003690037,0.07933579335793359,0.23062730627306272,1.6900369003690037,1.2306273062730626,1.6162361623616235,1.3394833948339482
0.55,0.45,0.05,1.3,safe,0.45,1.1143911439114391,1.1001634159198734,0.0,0.6863468634686347,0.08302583025830258,0.23062730627306272,1.6863468634686347,1.2306273062730626,1.6162361623616235,1.3394833948339482
0.55,0.45,0.05,1.5,safe,0.45,1.129151291512915,1.1149235635213495,0.0,0.6900369003690037,0.07933579335793359,0.23062730627306272,1.6900369003690037,1.2306273062730626,1.6162361623616235,1.3394833948339482
0.6,0.4,0.03,1.3,safe,0.45,1.140221402214022,1.1265027339349025,0.0,0.6808118081180812,0.0959409594095941,0.22324723247232475,1.6808118081180812,1.2232472324723247,1.6162361623616235,1.3394833948339482
0.6,0.4,0.03,1.5,safe,0.45,1.1143911439114391,1.1006724756323194,0.0,0.6826568265682658,0.08856088560885608,0.22878228782287824,1.6826568265682655,1.2287822878228782,1.6162361623616235,1.3394833948339482
0.6,0.4,0.05,1.3,safe,0.45,1.140221402214022,1.1265027339349025,0.0,0.6808118081180812,0.0959409594095941,0.22324723247232475,1.6808118081180812,1.2232472324723247,1.6162361623616235,1.3394833948339482
0.6,0.4,0.05,1.5,safe,0.45,1.1143911439114391,1.1006724756323194,0.0,0.6826568265682658,0.08856088560885608,0.22878228782287824,1.6826568265682655,1.2287822878228782,1.6162361623616235,1.3394833948339482
0.6,0.45,0.03,1.3,safe,0.45,1.1162361623616235,1.102008434370058,0.0,0.6826568265682658,0.08856088560885608,0.22878228782287824,1.6826568265682658,1.2287822878228782,1.6162361623616235,1.3394833948339482
0.6,0.45,0.03,1.5,safe,0.45,1.1254612546125462,1.1112335266209805,0.0,0.6918819188191883,0.07933579335793357,0.22878228782287824,1.6918819188191883,1.2287822878228782,1.6162361623616235,1.3394833948339482
0.6,0.45,0.05,1.3,safe,0.45,1.1162361623616235,1.102008434370058,0.0,0.6826568265682658,0.08856088560885608,0.22878228782287824,1.6826568265682658,1.2287822878228782,1.6162361623616235,1.3394833948339482
0.6,0.45,0.05,1.5,safe,0.45,1.1254612546125462,1.1112335266209805,0.0,0.6918819188191883,0.07933579335793357,0.22878228782287824,1.6918819188191883,1.2287822878228782,1.6162361623616235,1.3394833948339482
0.575,0.375,0.019999999999999997,1.2000000000000002,safe,0.375,1.1439114391143912,1.1307018305477172,0.0,0.6808118081180812,0.0959409594095941,0.22324723247232475,1.6808118081180812,1.2232472324723247,1.6162361623616235,1.3394833948339482
0.575,0.375,0.019999999999999997,1.2000000000000002,safe,0.4,1.1439114391143912,1.1307018305477172,0.0,0.6808118081180812,0.0959409594095941,0.22324723247232475,1.6808118081180812,1.2232472324723247,1.6162361623616235,1.3394833948339482
0.575,0.375,0.019999999999999997,1.2000000000000002,safe,0.42500000000000004,1.1439114391143912,1.1307018305477172,0.0,0.6808118081180812,0.0959409594095941,0.22324723247232475,1.6808118081180812,1.2232472324723247,1.6162361623616235,1.3394833948339482
0.575,0.375,0.019999999999999997,1.3,safe,0.375,1.1439114391143912,1.1307018305477172,0.0,0.6826568265682658,0.0940959409594096,0.22324723247232475,1.6826568265682655,1.2232472324723247,1.6162361623616235,1.3394833948339482
0.575,0.375,0.019999999999999997,1.3,safe,0.4,1.1439114391143912,1.1307018305477172,0.0,0.6826568265682658,0.0940959409594096,0.22324723247232475,1.6826568265682655,1.2232472324723247,1.6162361623616235,1.3394833948339482
0.6,0.45,0.05,1.5,safe,0.45,1.1254612546125462,1.1112335266209805,0.0,0.6918819188191883,0.07933579335793357,0.22878228782287824,1.6918819188191883,1.2287822878228782,1.6162361623616235,1.3394833948339482
0.6,0.3,0.15,1.4,safe,0.4,1.110016420361248,1.0556159825042002,0.006568144499178982,0.6551724137931034,0.06239737274220033,0.28243021346469627,1.1395730706075533,0.7536945812807883,1.6075533661740558,1.3267651888341543
0.6,0.3,0.15,1.5,safe,0.4,1.1050903119868638,1.0584584640576484,0.0,0.6551724137931035,0.0574712643678161,0.28735632183908044,1.1888341543513958,0.8029556650246304,1.6075533661740558,1.3267651888341543
0.6,0.3,0.15,1.6,safe,0.4,1.1001642036124795,1.063292227751865,0.0,0.6551724137931035,0.0574712643678161,0.28735632183908044,1.277504105090312,0.8801313628899835,1.6075533661740558,1.3267651888341543
0.6,0.3,0.15,1.7,safe,0.4,1.1116584564860428,1.082737825487878,0.0,0.6568144499178982,0.055829228243021355,0.28735632183908044,1.3546798029556648,0.9507389162561578,1.6075533661740558,1.3267651888341543
0.6,0.3,0.2,1.4,safe,0.4,1.110016420361248,1.0556159825042002,0.006568144499178982,0.6551724137931034,0.06239737274220033,0.28243021346469627,1.1395730706075533,0.7536945812807883,1.6075533661740558,1.3267651888341543
0.6,0.3,0.2,1.5,safe,0.4,1.1050903119868638,1.0584584640576484,0.0,0.6551724137931035,0.0574712643678161,0.28735632183908044,1.1888341543513958,0.8029556650246304,1.6075533661740558,1.3267651888341543
0.6,0.3,0.2,1.6,safe,0.4,1.1001642036124795,1.063292227751865,0.0,0.6551724137931035,0.0574712643678161,0.28735632183908044,1.277504105090312,0.8801313628899835,1.6075533661740558,1.3267651888341543
0.6,0.3,0.2,1.7,safe,0.4,1.1116584564860428,1.082737825487878,0.0,0.6568144499178982,0.055829228243021355,0.28735632183908044,1.3546798029556648,0.9507389162561578,1.6075533661740558,1.3267651888341543
0.6,0.3,0.25,1.4,safe,0.4,1.110016420361248,1.0556159825042002,0.006568144499178982,0.6551724137931034,0.06239737274220033,0.28243021346469627,1.1395730706075533,0.7536945812807883,1.6075533661740558,1.3267651888341543
0.6,0.3,0.25,1.5,safe,0.4,1.1050903119868638,1.0584584640576484,0.0,0.6551724137931035,0.0574712643678161,0.28735632183908044,1.1888341543513958,0.8029556650246304,1.6075533661740558,1.3267651888341543
0.6,0.3,0.25,1.6,safe,0.4,1.1001642036124795,1.063292227751865,0.0,0.6551724137931035,0.0574712643678161,0.28735632183908044,1.277504105090312,0.8801313628899835,1.6075533661740558,1.3267651888341543
0.6,0.3,0.25,1.7,safe,0.4,1.1116584564860428,1.082737825487878,0.0,0.6568144499178982,0.055829228243021355,0.28735632183908044,1.3546798029556648,0.9507389162561578,1.6075533661740558,1.3267651888341543
0.6,0.3,0.3,1.4,safe,0.4,1.110016420361248,1.0556159825042002,0.006568144499178982,0.6551724137931034,0.06239737274220033,0.28243021346469627,1.1395730706075533,0.7536945812807883,1.6075533661740558,1.3267651888341543
0.6,0.3,0.3,1.5,safe,0.4,1.1050903119868638,1.0580047435494817,0.0016420361247947454,0.6551724137931035,0.05911330049261084,0.28571428571428575,1.1888341543513958,0.8013136288998357,1.6075533661740558,1.3267651888341543
0.6,0.3,0.3,1.6,safe,0.4,1.1001642036124795,1.063292227751865,0.0,0.6551724137931035,0.0574712643678161,0.28735632183908044,1.277504105090312,0.8801313628899835,1.6075533661740558,1.3267651888341543
0.6,0.3,0.3,1.7,safe,0.4,1.1116584564860428,1.082737825487878,0.0,0.6568144499178982,0.055829228243021355,0.28735632183908044,1.3546798029556648,0.9507389162561578,1.6075533661740558,1.3267651888341543
0.6,0.35,0.15,1.4,safe,0.4,1.09688013136289,1.0445002182303216,0.0049261083743842365,0.6568144499178982,0.06732348111658455,0.2758620689655173,1.1609195402298853,0.7668308702791462,1.6075533661740558,1.3267651888341543
0.6,0.35,0.15,1.5,safe,0.4,1.1165845648604271,1.0714654604854141,0.0,0.6633825944170771,0.05911330049261084,0.277504105090312,1.213464696223317,0.8111658456486043,1.6075533661740558,1.3267651888341543
0.6,0.35,0.15,1.6,safe,0.4,1.1018062397372743,1.0654344204040342,0.0,0.6650246305418719,0.057471264367816084,0.277504105090312,1.2988505747126438,0.8834154351395731,1.6075533661740558,1.3267651888341543
0.6,0.35,0.15,1.7,safe,0.4,1.103448275862069,1.0748757496723167,0.0,0.6633825944170771,0.05911330049261084,0.277504105090312,1.3694581280788178,0.9507389162561578,1.6075533661740558,1.3267651888341543
0.6,0.35,0.2,1.4,safe,0.4,1.09688013136289,1.0445002182303216,0.0049261083743842365,0.6568144499178982,0.06732348111658455,0.2758620689655173,1.1609195402298853,0.7668308702791462,1.6075533661740558,1.3267651888341543
0.6,0.35,0.2,1.5,safe,0.4,1.1165845648604271,1.0714654604854141,0.0,0.6633825944170771,0.05911330049261084,0.277504105090312,1.213464696223317,0.8111658456486043,1.6075533661740558,1.3267651888341543
0.6,0.35,0.2,1.6,safe,0.4,1.1018062397372743,1.0654344204040342,0.0,0.6650246305418719,0.057471264367816084,0.277504105090312,1.2988505747126438,0.8834154351395731,1.6075533661740558,1.3267651888341543
0.6,0.35,0.2,1.7,safe,0.4,1.103448275862069,1.0748757496723167,0.0,0.6633825944170771,0.05911330049261084,0.277504105090312,1.3694581280788178,0.9507389162561578,1.6075533661740558,1.3267651888341543
0.6,0.35,0.25,1.4,safe,0.4,1.09688013136289,1.0445002182303216,0.0049261083743842365,0.6568144499178982,0.06732348111658455,0.2758620689655173,1.1609195402298853,0.7668308702791462,1.6075533661740558,1.3267651888341543
0.6,0.35,0.25,1.5,safe,0.4,1.1165845648604271,1.0714654604854141,0.0,0.6633825944170771,0.05911330049261084,0.277504105090312,1.213464696223317,0.8111658456486043,1.6075533661740558,1.3267651888341543
0.6,0.35,0.25,1.6,safe,0.4,1.1018062397372743,1.0654344204040342,0.0,0.6650246305418719,0.057471264367816084,0.277504105090312,1.2988505747126438,0.8834154351395731,1.6075533661740558,1.3267651888341543
0.6,0.35,0.25,1.7,safe,0.4,1.103448275862069,1.0748757496723167,0.0,0.6633825944170771,0.05911330049261084,0.277504105090312,1.3694581280788178,0.9507389162561578,1.6075533661740558,1.3267651888341543
0.6,0.35,0.3,1.4,safe,0.4,1.09688013136289,1.0445002182303216,0.0049261083743842365,0.6568144499178982,0.06732348111658455,0.2758620689655173,1.1609195402298853,0.7668308702791462,1.6075533661740558,1.3267651888341543
0.6,0.35,0.3,1.5,safe,0.4,1.1165845648604271,1.0710117399772472,0.0016420361247947454,0.6633825944170771,0.060755336617405585,0.2758620689655172,1.213464696223317,0.8095238095238094,1.6075533661740558,1.3267651888341543
0.6,0.35,0.3,1.6,safe,0.4,1.1018062397372743,1.0654344204040342,0.0,0.6650246305418719,0.057471264367816084,0.277504105090312,1.2988505747126438,0.8834154351395731,1.6075533661740558,1.3267651888341543
0.6,0.3,0.15,1.4,safe,0.4,1.110016420361248,1.0556159825042002,0.006568144499178982,0.6551724137931034,0.06239737274220033,0.28243021346469627,1.1395730706075533,0.7536945812807883,1.6075533661740558,1.3267651888341543
0.6,0.3,0.15,1.5,safe,0.4,1.1050903119868638,1.0584584640576484,0.0,0.6551724137931035,0.0574712643678161,0.28735632183908044,1.1888341543513958,0.8029556650246304,1.6075533661740558,1.3267651888341543
0.6,0.3,0.15,1.6,safe,0.4,1.1001642036124795,1.063292227751865,0.0,0.6551724137931035,0.0574712643678161,0.28735632183908044,1.277504105090312,0.8801313628899835,1.6075533661740558,1.3267651888341543
0.6,0.3,0.15,1.7,safe,0.4,1.1116584564860428,1.082737825487878,0.0,0.6568144499178982,0.055829228243021355,0.28735632183908044,1.3546798029556648,0.9507389162561578,1.6075533661740558,1.3267651888341543
0.6,0.3,0.2,1.4,safe,0.4,1.110016420361248,1.0556159825042002,0.006568144499178982,0.6551724137931034,0.06239737274220033,0.28243021346469627,1.1395730706075533,0.7536945812807883,1.6075533661740558,1.3267651888341543
0.6,0.3,0.2,1.5,safe,0.4,1.1050903119868638,1.0584584640576484,0.0,0.6551724137931035,0.0574712643678161,0.28735632183908044,1.1888341543513958,0.8029556650246304,1.6075533661740558,1.3267651888341543
0.6,0.3,0.2,1.6,safe,0.4,1.1001642036124795,1.063292227751865,0.0,0.6551724137931035,0.0574712643678161,0.28735632183908044,1.277504105090312,0.8801313628899835,1.6075533661740558,1.3267651888341543
0.6,0.3,0.2,1.7,safe,0.4,1.1116584564860428,1.082737825487878,0.0,0.6568144499178982,0.055829228243021355,0.28735632183908044,1.3546798029556648,0.9507389162561578,1.6075533661740558,1.3267651888341543
0.6,0.3,0.25,1.4,safe,0.4,1.110016420361248,1.0556159825042002,0.006568144499178982,0.6551724137931034,0.06239737274220033,0.28243021346469627,1.1395730706075533,0.7536945812807883,1.6075533661740558,1.3267651888341543
0.6,0.3,0.25,1.5,safe,0.4,1.1050903119868638,1.0584584640576484,0.0,0.6551724137931035,0.0574712643678161,0.28735632183908044,1.1888341543513958,0.8029556650246304,1.6075533661740558,1.3267651888341543
0.8,0.3,0.2,1.7,safe,0.55,1.0886699507389164,1.0510305197108143,0.022988505747126436,0.6551724137931034,0.12479474548440066,0.22003284072249588,1.3694581280788178,0.909688013136289,1.6075533661740558,1.3267651888341543
0.6,0.45,0.25,1.5,safe,0.4,1.1330049261083743,1.091577185301621,0.0,0.6699507389162562,0.06239737274220033,0.2676518883415435,1.252873563218391,0.8325123152709359,1.6075533661740558,1.3267651888341543
0.6,0.3,0.3,1.4,conservative,0.5,1.1395730706075533,1.0982548133243841,0.003284072249589491,0.6683087027914615,0.08374384236453203,0.24794745484400657,1.2807881773399015,0.8440065681444991,1.6075533661740558,1.3267651888341543
0.8,0.45,0.25,1.7,conservative,0.45,1.0788177339901477,1.034659785835222,0.03448275862068966,0.6420361247947456,0.12151067323481117,0.23645320197044337,1.284072249589491,0.8604269293924466,1.6075533661740558,1.3267651888341543
0.65,0.45,0.3,1.4,conservative,0.5,1.1050903119868638,1.0641047004443873,0.009852216748768473,0.6945812807881774,0.10509031198686371,0.20032840722495895,1.372742200328407,0.8637110016420362,1.6075533661740558,1.3267651888341543
0.65,0.4,0.3,1.5,safe,0.55,1.1494252873563218,1.116392720823103,0.0016420361247947454,0.6995073891625615,0.09852216748768473,0.2019704433497537,1.444991789819376,0.9244663382594417,1.6075533661740558,1.3267651888341543
0.65,0.4,0.15,1.6,safe,0.5,1.1395730706075533,1.1051742844560866,0.0016420361247947454,0.6798029556650246,0.09195402298850575,0.2282430213464696,1.3842364532019704,0.909688013136289,1.6075533661740558,1.3267651888341543
0.6,0.5,0.2,1.7,safe,0.55,1.09688013136289,1.0720860442108757,0.0,0.7307060755336617,0.08210180623973727,0.18719211822660098,1.6157635467980296,1.0295566502463054,1.6075533661740558,1.3267651888341543
0.8,0.45,0.25,1.5,safe,0.4,1.1215106732348112,1.0612847086806152,0.060755336617405585,0.6239737274220033,0.12807881773399016,0.24794745484400657,1.1280788177339902,0.7389162561576356,1.6075533661740558,1.3267651888341543
0.6,0.45,0.2,1.4,safe,0.55,1.1215106732348112,1.087858699695679,0.0016420361247947454,0.7142857142857143,0.09852216748768473,0.18719211822660098,1.4745484400656814,0.9310344827586207,1.6075533661740558,1.3267651888341543
0.8,0.35,0.25,1.6,safe,0.55,1.134646962233169,1.09599141221648,0.027914614121510677,0.6617405582922825,0.13136288998357962,0.20689655172413793,1.3694581280788176,0.8932676518883417,1.6075533661740558,1.3267651888341543
0.8,0.45,0.25,1.7,safe,0.45,1.0788177339901477,1.034659785835222,0.03448275862068966,0.6420361247947456,0.12151067323481117,0.23645320197044337,1.284072249589491,0.8604269293924466,1.6075533661740558,1.3267651888341543
0.75,0.4,0.2,1.7,safe,0.45,1.114942528735632,1.0695246629044262,0.02463054187192118,0.6584564860426929,0.11001642036124794,0.23152709359605908,1.3070607553366174,0.852216748768473,1.6075533661740558,1.3267651888341543
0.6,0.4,0.3,1.4,conservative,0.4,1.1165845648604267,1.0657143910872764,0.0049261083743842365,0.6633825944170771,0.06568144499178981,0.270935960591133,1.1839080459770115,0.7766830870279146,1.6075533661740558,1.3267651888341543
0.75,0.45,0.3,1.6,safe,0.5,1.070607553366174,1.032516798054101,0.016420361247947456,0.6781609195402298,0.1083743842364532,0.2134646962233169,1.3678160919540228,0.8834154351395731,1.6075533661740558,1.3267651888341543
0.7,0.45,0.25,1.4,safe,0.4,1.1133004926108374,1.0551407877726324,0.03284072249589491,0.6436781609195402,0.10016420361247948,0.25615763546798026,1.1379310344827587,0.7405582922824303,1.6075533661740558,1.3267651888341543
0.6,0.35,0.15,1.4,safe,0.5,1.121510673234811,1.0809823062072128,0.0016420361247947454,0.6781609195402298,0.09195402298850576,0.22988505747126434,1.3201970443349753,0.8555008210180625,1.6075533661740558,1.3267651888341543
0.6,0.3,0.3,1.7,safe,0.5,1.1395730706075533,1.115345345852819,0.0,0.6666666666666666,0.08210180623973727,0.2512315270935961,1.4499178981937604,0.9934318555008211,1.6075533661740558,1.3267651888341543
0.6,0.4,0.3,1.7,conservative,0.55,1.1264367816091954,1.1018665452603533,0.0,0.6995073891625617,0.09523809523809523,0.20525451559934318,1.5500821018062396,1.0098522167487685,1.6075533661740558,1.3267651888341543
0.65,0.35,0.3,1.7,conservative,0.55,1.1264367816091954,1.0986351820230755,0.0,0.6896551724137931,0.09852216748768473,0.21182266009852216,1.4926108374384237,0.9753694581280788,1.6075533661740558,1.3267651888341543
0.65,0.4,0.2,1.7,safe,0.4,1.1330049261083743,1.1013922902615951,0.0,0.6535303776683087,0.05911330049261084,0.2873563218390805,1.3201970443349753,0.9211822660098522,1.6075533661740558,1.3267651888341543
0.75,0.35,0.15,1.6,conservative,0.45,1.1264367816091954,1.0768060839985008,0.03284072249589491,0.638752052545156,0.10673234811165848,0.2545155993431855,1.206896551724138,0.8045977011494253,1.6075533661740558,1.3267651888341543
0.75,0.5,0.2,1.4,safe,0.45,1.0755336617405582,1.0271594242819246,0.022988505747126436,0.6699507389162562,0.10673234811165845,0.22331691297208536,1.264367816091954,0.80623973727422,1.6075533661740558,1.3267651888341543
0.6,0.3,0.3,1.5,conservative,0.4,1.1050903119868638,1.0580047435494817,0.0016420361247947454,0.6551724137931035,0.05911330049261084,0.28571428571428575,1.1888341543513958,0.8013136288998357,1.6075533661740558,1.3267651888341543
0.75,0.4,0.3,1.7,safe,0.5,1.1133004926108374,1.0749075618005814,0.019704433497536946,0.665024630541872,0.11330049261083742,0.22167487684729062,1.372742200328407,0.8998357963875204,1.6075533661740558,1.3267651888341543
0.65,0.35,0.2,1.5,conservative,0.5,1.1346469622331694,1.0942227313853499,0.003284072249589491,0.6781609195402298,0.09359605911330049,0.22824302134646965,1.3399014778325125,0.8686371100164204,1.6075533661740558,1.3267651888341543
0.8,0.4,0.3,1.6,conservative,0.4,1.110016420361248,1.0537089196920904,0.06403940886699507,0.6108374384236454,0.12315270935960591,0.2660098522167488,1.121510673234811,0.7619047619047619,1.6075533661740558,1.3267651888341543
0.8,0.3,0.3,1.4,conservative,0.45,1.1149425287356323,1.0513486489044759,0.07224958949096881,0.6009852216748769,0.14942528735632185,0.24958949096880131,1.0804597701149425,0.7192118226600986,1.6075533661740558,1.3267651888341543
0.8,0.4,0.2,1.7,safe,0.4,1.1001642036124795,1.0506279587887943,0.047619047619047616,0.625615763546798,0.1083743842364532,0.2660098522167488,1.1855500821018061,0.8095238095238096,1.6075533661740558,1.3267651888341543
0.75,0.4,0.2,1.7,safe,0.4,1.123152709359606,1.074928240967359,0.031198686371100164,0.6403940886699507,0.09523809523809523,0.26436781609195403,1.2200328407224958,0.819376026272578,1.6075533661740558,1.3267651888341543
0.7,0.45,0.2,1.6,conservative,0.5,1.090311986863711,1.0544945437887407,0.011494252873563218,0.6847290640394089,0.10180623973727422,0.2134646962233169,1.3973727422003286,0.90311986863711,1.6075533661740558,1.3267651888341543
0.65,0.4,0.15,1.4,conservative,0.5,1.1379310344827587,1.0947933485555688,0.011494252873563218,0.6732348111658456,0.10509031198686371,0.22167487684729062,1.3185550082101807,0.8505747126436782,1.6075533661740558,1.3267651888341543
0.7,0.5,0.2,1.5,conservative,0.55,1.0607553366174056,1.0271643254837592,0.003284072249589491,0.7192118226600984,0.09195402298850575,0.18883415435139575,1.4761904761904763,0.9293924466338259,1.6075533661740558,1.3267651888341543
0.75,0.45,0.3,1.5,conservative,0.45,1.0919540229885056,1.0432902099707924,0.02955665024630542,0.6486042692939245,0.11165845648604268,0.23973727422003285,1.231527093596059,0.8095238095238096,1.6075533661740558,1.3267651888341543
0.65,0.45,0.3,1.6,safe,0.55,1.1050903119868636,1.0743036095612737,0.0016420361247947454,0.715927750410509,0.09195402298850575,0.19211822660098524,1.5073891625615765,0.9556650246305418,1.6075533661740558,1.3267651888341543
0.6,0.3,0.15,1.7,safe,0.5,1.1395730706075533,1.115345345852819,0.0,0.6666666666666666,0.08210180623973727,0.2512315270935961,1.4499178981937604,0.9934318555008211,1.6075533661740558,1.3267651888341543
0.8,0.5,0.2,1.4,conservative,0.4,1.083743842364532,1.0217459557484823,0.055829228243021355,0.6272577996715928,0.1330049261083744,0.2397372742200328,1.123152709359606,0.7274220032840722,1.6075533661740558,1.3267651888341543
0.65,0.3,0.15,1.5,conservative,0.45,1.1133004926108374,1.0695828312662454,0.006568144499178982,0.6518883415435139,0.08045977011494253,0.2676518883415435,1.233169129720854,0.8308702791461412,1.6075533661740558,1.3267651888341543
0.8,0.4,0.2,1.5,safe,0.55,1.1165845648604267,1.0785138497002056,0.026272577996715927,0.6683087027914615,0.13300492610837436,0.1986863711001642,1.3842364532019704,0.8932676518883417,1.6075533661740558,1.3267651888341543
0.7,0.45,0.25,1.4,safe,0.55,1.0919540229885056,1.0558130537303188,0.006568144499178982,0.7011494252873564,0.1083743842364532,0.19047619047619047,1.4334975369458125,0.9080459770114943,1.6075533661740558,1.3267651888341543
0.7,0.3,0.3,1.6,safe,0.45,1.1231527093596059,1.078636518602056,0.022988505747126436,0.6469622331691297,0.09359605911330049,0.25944170771756975,1.239737274220033,0.8325123152709359,1.6075533661740558,1.3267651888341543
0.65,0.45,0.3,1.6,safe,0.5,1.1067323481116584,1.0728442300664913,0.0016420361247947454,0.6995073891625615,0.090311986863711,0.21018062397372742,1.4302134646962232,0.916256157635468,1.6075533661740558,1.3267651888341543
0.6,0.5,0.3,1.7,conservative,0.4,1.1247947454844007,1.0967519482202788,0.0,0.6863711001642036,0.06403940886699507,0.24958949096880131,1.4384236453201968,0.9589490968801314,1.6075533661740558,1.3267651888341543
0.65,0.35,0.3,1.6,safe,0.45,1.134646962233169,1.0954320212555417,0.003284072249589491,0.6633825944170771,0.0755336617405583,0.26108374384236455,1.29064039408867,0.8653530377668308,1.6075533661740558,1.3267651888341543
0.8,0.5,0.2,1.6,conservative,0.55,1.0295566502463054,0.9975180750266756,0.009852216748768473,0.7044334975369457,0.10016420361247948,0.19540229885057472,1.4679802955665024,0.9376026272577996,1.6075533661740558,1.3267651888341543
0.7,0.3,0.3,1.4,safe,0.5,1.0985221674876846,1.0483247432436074,0.026272577996715927,0.6568144499178982,0.1083743842364532,0.23481116584564862,1.2315270935960594,0.7947454844006568,1.6075533661740558,1.3267651888341543
0.6,0.45,0.2,1.4,safe,0.5,1.1165845648604271,1.0802493092635814,0.0016420361247947454,0.6896551724137931,0.09688013136288999,0.2134646962233169,1.3825944170771756,0.8916256157635468,1.6075533661740558,1.3267651888341543
0.6,0.4,0.3,1.7,safe,0.55,1.1264367816091954,1.1018665452603533,0.0,0.6995073891625617,0.09523809523809523,0.20525451559934318,1.5500821018062396,1.0098522167487685,1.6075533661740558,1.3267651888341543
0.7,0.4,0.15,1.6,conservative,0.4,1.1444991789819376,1.0984982347340917,0.019704433497536946,0.6371100164203612,0.08374384236453203,0.2791461412151068,1.19376026272578,0.8177339901477833,1.6075533661740558,1.3267651888341543
0.6,0.45,0.15,1.5,conservative,0.4,1.1330049261083743,1.091577185301621,0.0,0.6699507389162562,0.06239737274220033,0.2676518883415435,1.252873563218391,0.8325123152709359,1.6075533661740558,1.3267651888341543
0.7,0.35,0.2,1.7,conservative,0.5,1.1149425287356323,1.0785367114557671,0.009852216748768473,0.6732348111658456,0.10016420361247948,0.2266009852216749,1.3924466338259442,0.9195402298850576,1.6075533661740558,1.3267651888341543
0.7,0.35,0.15,1.4,safe,0.4,1.09688013136289,1.0335366388668465,0.03776683087027915,0.6354679802955664,0.10016420361247948,0.26436781609195403,1.090311986863711,0.7110016420361248,1.6075533661740558,1.3267651888341543
0.75,0.5,0.2,1.5,safe,0.4,1.0640394088669949,1.0084090623334816,0.036124794745484405,0.6535303776683087,0.10509031198686374,0.2413793103448276,1.1839080459770115,0.7619047619047619,1.6075533661740558,1.3267651888341543
0.65,0.45,0.2,1.7,safe,0.55,1.0952380952380953,1.0683186144623955,0.0,0.7126436781609194,0.09195402298850575,0.19540229885057472,1.5500821018062398,0.993431855500821,1.6075533661740558,1.3267651888341543
0.6,0.35,0.2,1.6,safe,0.45,1.1264367816091954,1.0937121580912164,0.0,0.6732348111658456,0.0689655172413793,0.25779967159277506,1.3596059113300492,0.9129720853858784,1.6075533661740558,1.3267651888341543
0.8,0.45,0.2,1.5,conservative,0.4,1.1247947454844007,1.0649974333931418,0.05911330049261084,0.6272577996715928,0.12479474548440067,0.24794745484400657,1.1330049261083743,0.7405582922824303,1.6075533661740558,1.3267651888341543
0.7,0.5,0.25,1.7,safe,0.45,1.0886699507389161,1.0519153811243915,0.008210180623973726,0.6863711001642036,0.09195402298850575,0.22167487684729062,1.3908045977011494,0.9014778325123153,1.6075533661740558,1.3267651888341543
0.75,0.4,0.15,1.6,conservative,0.4,1.1264367816091954,1.0720457192593238,0.036124794745484405,0.6371100164203612,0.09852216748768472,0.26436781609195403,1.1609195402298849,0.7717569786535304,1.6075533661740558,1.3267651888341543
0.6,0.45,0.3,1.7,conservative,0.55,1.1034482758620692,1.078504667182515,0.0,0.7175697865353037,0.090311986863711,0.1921182266009852,1.587848932676519,1.0180623973727423,1.6075533661740558,1.3267651888341543
0.7,0.4,0.15,1.5,conservative,0.5,1.1428571428571428,1.100323784532419,0.018062397372742203,0.658456486042693,0.11165845648604268,0.2298850574712644,1.3037766830870279,0.8587848932676518,1.6075533661740558,1.3267651888341543
0.6,0.4,0.25,1.4,safe,0.5,1.1313628899835797,1.0924549816641356,0.0016420361247947454,0.6863711001642036,0.090311986863711,0.22331691297208536,1.3530377668308702,0.8752052545155994,1.6075533661740558,1.3267651888341543
0.75,0.4,0.25,1.6,conservative,0.45,1.1231527093596059,1.0742840673915197,0.027914614121510677,0.6535303776683087,0.11330049261083745,0.23316912972085388,1.2561576354679804,0.819376026272578,1.6075533661740558,1.3267651888341543
0.65,0.5,0.2,1.6,safe,0.4,1.1133004926108374,1.0713098830381866,0.0016420361247947454,0.6847290640394088,0.0689655172413793,0.24630541871921183,1.3087027914614122,0.8505747126436782,1.6075533661740558,1.3267651888341543
0.8,0.3,0.15,1.5,conservative,0.5,1.1444991789819376,1.0940380014070437,0.0509031198686371,0.6272577996715928,0.13957307060755336,0.23316912972085388,1.2167487684729066,0.8029556650246304,1.6075533661740558,1.3267651888341543
0.75,0.5,0.3,1.4,conservative,0.45,1.0755336617405582,1.027400258223821,0.022988505747126436,0.6699507389162562,0.10673234811165845,0.22331691297208536,1.2660098522167487,0.8078817733990148,1.6075533661740558,1.3267651888341543
0.7,0.35,0.25,1.5,safe,0.45,1.1264367816091954,1.075831062978667,0.02463054187192118,0.6518883415435139,0.09688013136288998,0.2512315270935961,1.2085385878489328,0.7947454844006568,1.6075533661740558,1.3267651888341543
0.75,0.45,0.2,1.7,conservative,0.4,1.0870279146141215,1.0417159857912346,0.027914614121510677,0.6518883415435139,0.09195402298850575,0.25615763546798026,1.2660098522167487,0.8423645320197045,1.6075533661740558,1.3267651888341543
0.65,0.35,0.15,1.6,safe,0.55,1.114942528735632,1.0828264931187308,0.0016420361247947454,0.6863711001642036,0.10344827586206896,0.21018062397372742,1.433497536945813,0.9326765188834155,1.6075533661740558,1.3267651888341543
0.8,0.4,0.25,1.4,conservative,0.45,1.1330049261083743,1.0755015572357627,0.0574712643678161,0.6288998357963874,0.13464696223316913,0.23645320197044337,1.1592775041050905,0.7569786535303776,1.6075533661740558,1.3267651888341543
0.6,0.4,0.15,1.7,conservative,0.4,1.1313628899835797,1.106386176408071,0.0,0.6568144499178982,0.060755336617405585,0.2824302134646962,1.3825944170771756,0.9720853858784894,1.6075533661740558,1.3267651888341543
0.6,0.35,0.2,1.7,safe,0.55,1.1067323481116584,1.0811301166003846,0.0,0.6945812807881774,0.09688013136288999,0.20853858784893267,1.5336617405582924,1.0032840722495895,1.6075533661740558,1.3267651888341543
0.8,0.35,0.15,1.6,conservative,0.4,1.1330049261083743,1.075362933687522,0.06239737274220033,0.6042692939244664,0.12479474548440067,0.270935960591133,1.1050903119868636,0.7569786535303776,1.6075533661740558,1.3267651888341543
0.65,0.4,0.2,1.4,conservative,0.45,1.1510673234811166,1.1026143961783241,0.01477832512315271,0.6600985221674877,0.0935960591133005,0.24630541871921183,1.2298850574712643,0.8013136288998357,1.6075533661740558,1.3267651888341543
0.8,0.5,0.25,1.7,conservative,0.5,1.0082101806239738,0.9747685103136007,0.016420361247947452,0.6863711001642036,0.10016420361247948,0.2134646962233169,1.4137931034482758,0.9211822660098523,1.6075533661740558,1.3267651888341543
0.65,0.5,0.2,1.4,safe,0.45,1.1050903119868638,1.0582391271489906,0.011494252873563218,0.6798029556650246,0.09523809523809525,0.2249589490968801,1.2840722495894907,0.8160919540229884,1.6075533661740558,1.3267651888341543
0.6,0.4,0.25,1.4,conservative,0.5,1.1313628899835797,1.0924549816641356,0.0016420361247947454,0.6863711001642036,0.090311986863711,0.22331691297208536,1.3530377668308702,0.8752052545155994,1.6075533661740558,1.3267651888341543
0.65,0.4,0.2,1.7,safe,0.45,1.1379310344827587,1.1067723981673698,0.0,0.6666666666666666,0.08045977011494253,0.2528735632183908,1.3809523809523807,0.9310344827586207,1.6075533661740558,1.3267651888341543
0.6,0.45,0.15,1.7,conservative,0.45,1.121510673234811,1.0945606046864187,0.0,0.6863711001642036,0.07881773399014778,0.23481116584564862,1.4663382594417078,0.9753694581280788,1.6075533661740558,1.3267651888341543
0.7,0.5,0.25,1.4,safe,0.45,1.0755336617405584,1.0260140326302765,0.021346469622331693,0.6748768472906405,0.10509031198686371,0.22003284072249588,1.264367816091954,0.7996715927750411,1.6075533661740558,1.3267651888341543
0.8,0.3,0.2,1.5,safe,0.55,1.1231527093596059,1.0799103686151017,0.03448275862068966,0.6420361247947455,0.1412151067323481,0.2167487684729064,1.3070607553366174,0.8620689655172414,1.6075533661740558,1.3267651888341543
0.7,0.35,0.25,1.6,conservative,0.5,1.1231527093596059,1.0812974634796089,0.016420361247947456,0.6699507389162562,0.10673234811165845,0.22331691297208542,1.343185550082102,0.8719211822660098,1.6075533661740558,1.3267651888341543
0.65,0.3,0.15,1.7,safe,0.5,1.1330049261083743,1.1039649005139005,0.0,0.665024630541872,0.08374384236453203,0.25123152709359603,1.4006568144499179,0.9474548440065682,1.6075533661740558,1.3267651888341543
0.7,0.35,0.3,1.5,conservative,0.4,1.1050903119868638,1.0476820425097129,0.031198686371100164,0.6420361247947454,0.09359605911330049,0.26436781609195403,1.1379310344827587,0.7504105090311987,1.6075533661740558,1.3267651888341543
0.7,0.35,0.2,1.5,conservative,0.55,1.1018062397372743,1.063003896786041,0.013136288998357963,0.6765188834154351,0.11822660098522168,0.20525451559934318,1.3760262725779964,0.8850574712643677,1.6075533661740558,1.3267651888341543
0.65,0.35,0.25,1.7,safe,0.5,1.1280788177339902,1.0961358185621963,0.0016420361247947454,0.6798029556650246,0.090311986863711,0.2298850574712644,1.4285714285714286,0.9408866995073892,1.6075533661740558,1.3267651888341543
0.8,0.35,0.2,1.7,safe,0.45,1.1165845648604271,1.0686041313302095,0.042692939244663386,0.6338259441707716,0.11822660098522168,0.24794745484400657,1.2348111658456487,0.8292282430213466,1.6075533661740558,1.3267651888341543
0.65,0.45,0.25,1.4,conservative,0.45,1.1165845648604267,1.0680666971700326,0.011494252873563218,0.6748768472906405,0.09359605911330049,0.23152709359605914,1.2610837438423645,0.8029556650246304,1.6075533661740558,1.3267651888341543
0.8,0.4,0.2,1.7,safe,0.5,1.083743842364532,1.044499344099951,0.021346469622331693,0.6633825944170771,0.11330049261083745,0.22331691297208536,1.3579638752052545,0.8949096880131363,1.6075533661740558,1.3267651888341543
0.8,0.35,0.3,1.5,conservative,0.55,1.1313628899835797,1.092432504734796,0.02955665024630542,0.6568144499178982,0.13300492610837436,0.21018062397372742,1.3530377668308702,0.8850574712643677,1.6075533661740558,1.3267651888341543
0.8,0.3,0.25,1.7,conservative,0.5,1.1018062397372743,1.059931950840545,0.03448275862068966,0.6371100164203612,0.11986863711001643,0.24302134646962234,1.2922824302134648,0.8735632183908045,1.6075533661740558,1.3267651888341543
0.6,0.4,0.2,1.4,conservative,0.4,1.1165845648604267,1.0660667944728497,0.0049261083743842365,0.6617405582922824,0.06568144499178981,0.2725779967159277,1.1822660098522169,0.7783251231527094,1.6075533661740558,1.3267651888341543
0.75,0.5,0.2,1.7,conservative,0.55,1.0361247947454844,1.006588059312106,0.003284072249589491,0.7126436781609194,0.090311986863711,0.19704433497536944,1.5106732348111658,0.9655172413793104,1.6075533661740558,1.3267651888341543
0.8,0.3,0.2,1.5,safe,0.4,1.1280788177339902,1.062925333181428,0.07060755336617407,0.5977011494252874,0.13464696223316913,0.2676518883415435,1.0476190476190477,0.7093596059113301,1.6075533661740558,1.3267651888341543
0.65,0.3,0.2,1.7,conservative,0.4,1.1149425287356323,1.078316285653569,0.0,0.6551724137931034,0.0574712643678161,0.28735632183908044,1.2922824302134648,0.8932676518883417,1.6075533661740558,1.3267651888341543
0.75,0.4,0.15,1.5,safe,0.55,1.114942528735632,1.0770771300821618,0.01477832512315271,0.6830870279146142,0.11822660098522168,0.1986863711001642,1.3957307060755337,0.8916256157635467,1.6075533661740558,1.3267651888341543
0.8,0.45,0.2,1.5,safe,0.5,1.1001642036124795,1.0595797719154263,0.02955665024630542,0.6633825944170773,0.12479474548440066,0.21182266009852216,1.3316912972085386,0.8620689655172414,1.6075533661740558,1.3267651888341543
0.65,0.4,0.3,1.5,safe,0.5,1.1527093596059113,1.1150926787067705,0.003284072249589491,0.6814449917898194,0.09195402298850576,0.22660098522167485,1.3628899835796389,0.8866995073891625,1.6075533661740558,1.3267651888341543
0.65,0.3,0.15,1.7,conservative,0.45,1.108374384236453,1.0758549474408556,0.0,0.6568144499178983,0.07224958949096881,0.270935960591133,1.3464696223316917,0.9244663382594417,1.6075533661740558,1.3267651888341543
0.7,0.5,0.3,1.4,conservative,0.45,1.070607553366174,1.0217682751698611,0.019704433497536946,0.6748768472906405,0.10344827586206896,0.22167487684729062,1.2660098522167489,0.8029556650246304,1.6075533661740558,1.3267651888341543
0.7,0.4,0.15,1.6,safe,0.5,1.147783251231527,1.1095763913483956,0.013136288998357963,0.6617405582922825,0.1083743842364532,0.2298850574712644,1.3464696223316912,0.8899835796387521,1.6075533661740558,1.3267651888341543
0.65,0.45,0.25,1.6,safe,0.45,1.1149425287356323,1.0770947312781844,0.0016420361247947454,0.6798029556650246,0.08210180623973727,0.2380952380952381,1.348111658456486,0.8850574712643677,1.6075533661740558,1.3267651888341543
0.8,0.3,0.2,1.7,conservative,0.45,1.1116584564860428,1.0621481790585756,0.04597701149425287,0.6305418719211823,0.11658456486042694,0.2528735632183908,1.2085385878489328,0.8111658456486044,1.6075533661740558,1.3267651888341543
0.8,0.4,0.15,1.4,safe,0.5,1.134646962233169,1.088021863317471,0.03448275862068966,0.6486042692939246,0.13136288998357962,0.22003284072249588,1.264367816091954,0.8226600985221674,1.6075533661740558,1.3267651888341543
0.75,0.4,0.3,1.5,safe,0.45,1.1198686371100164,1.0676286757838882,0.03448275862068966,0.651888341543514,0.1149425287356322,0.23316912972085382,1.2183908045977012,0.7881773399014778,1.6075533661740558,1.3267651888341543
0.65,0.4,0.15,1.4,safe,0.55,1.1362889983579638,1.0980442106916675,0.009852216748768473,0.6929392446633825,0.11330049261083745,0.19376026272577998,1.4105090311986863,0.8932676518883417,1.6075533661740558,1.3267651888341543
0.8,0.35,0.3,1.6,conservative,0.4,1.1313628899835797,1.074065724401501,0.06403940886699507,0.6026272577996715,0.12643678160919541,0.270935960591133,1.103448275862069,0.7586206896551725,1.6075533661740558,1.3267651888341543
0.7,0.3,0.2,1.6,safe,0.4,1.1198686371100164,1.06951285750298,0.022988505747126436,0.6436781609195402,0.07717569786535304,0.2791461412151068,1.1724137931034484,0.7931034482758621,1.6075533661740558,1.3267651888341543
0.8,0.5,0.25,1.5,safe,0.55,1.0525451559934318,1.0190997720995625,0.006568144499178982,0.7077175697865353,0.10180623973727422,0.19047619047619047,1.4646962233169132,0.9277504105090312,1.6075533661740558,1.3267651888341543
0.8,0.5,0.3,1.5,safe,0.5,1.050903119868637,1.012112304202878,0.021346469622331693,0.6814449917898194,0.1149425287356322,0.20361247947454844,1.3711001642036127,0.8768472906403941,1.6075533661740558,1.3267651888341543
0.6,0.35,0.3,1.4,conservative,0.45,1.12807881773399,1.0821378016303538,0.003284072249589491,0.6666666666666666,0.07717569786535304,0.25615763546798026,1.2364532019704433,0.8111658456486043,1.6075533661740558,1.3267651888341543
0.65,0.4,0.2,1.5,safe,0.5,1.1527093596059113,1.1154450820923436,0.003284072249589491,0.6798029556650246,0.09195402298850576,0.2282430213464696,1.361247947454844,0.8883415435139573,1.6075533661740558,1.3267651888341543
0.6,0.35,0.15,1.4,safe,0.55,1.0985221674876848,1.0624916520287793,0.0016420361247947454,0.6880131362889984,0.10509031198686371,0.20689655172413793,1.4006568144499179,0.90311986863711,1.6075533661740558,1.3267651888341543
0.7,0.3,0.15,1.5,conservative,0.4,1.108374384236453,1.0491415854093233,0.03284072249589491,0.638752052545156,0.08866995073891626,0.2725779967159278,1.1165845648604271,0.7389162561576356,1.6075533661740558,1.3267651888341543
0.7,0.4,0.3,1.5,safe,0.55,1.1247947454844007,1.08863830219146,0.013136288998357963,0.6863711001642036,0.11330049261083745,0.20032840722495895,1.4088669950738915,0.90311986863711,1.6075533661740558,1.3267651888341543
0.65,0.45,0.25,1.5,safe,0.4,1.1461412151067325,1.1001343769919567,0.006568144499178982,0.6666666666666666,0.07224958949096881,0.26108374384236455,1.2298850574712645,0.8078817733990148,1.6075533661740558,1.3267651888341543
0.6,0.4,0.15,1.5,conservative,0.55,1.121510673234811,1.089187713892832,0.0,0.7027914614121511,0.09852216748768473,0.1986863711001642,1.4614121510673233,0.935960591133005,1.6075533661740558,1.3267651888341543
0.65,0.35,0.3,1.4,safe,0.4,1.1198686371100164,1.0619387589323848,0.021346469622331693,0.6518883415435139,0.08210180623973727,0.2660098522167487,1.134646962233169,0.7372742200328407,1.6075533661740558,1.3267651888341543
0.75,0.45,0.15,1.6,safe,0.55,1.0689655172413792,1.0361699849390698,0.008210180623973728,0.6978653530377669,0.10344827586206896,0.1986863711001642,1.4515599343185548,0.9310344827586207,1.6075533661740558,1.3267651888341543
0.8,0.4,0.3,1.7,conservative,0.4,1.110016420361248,1.0598004368116458,0.0541871921182266,0.6223316912972087,0.11330049261083745,0.26436781609195403,1.180623973727422,0.80623973727422,1.6075533661740558,1.3267651888341543
0.7,0.3,0.15,1.5,safe,0.4,1.108374384236453,1.0491415854093233,0.03284072249589491,0.638752052545156,0.08866995073891626,0.2725779967159278,1.1165845648604271,0.7389162561576356,1.6075533661740558,1.3267651888341543
0.65,0.35,0.3,1.4,conservative,0.5,1.1297208538587848,1.0836637302954661,0.01477832512315271,0.6765188834154351,0.10509031198686371,0.21839080459770113,1.3037766830870279,0.8275862068965517,1.6075533661740558,1.3267651888341543
0.8,0.3,0.3,1.7,conservative,0.4,1.077175697865353,1.0253067792263018,0.0574712643678161,0.6075533661740559,0.1149425287356322,0.277504105090312,1.1379310344827587,0.8013136288998357,1.6075533661740558,1.3267651888341543
0.75,0.3,0.3,1.7,conservative,0.4,1.101806239737274,1.0518850514184819,0.034482758620689655,0.632183908045977,0.090311986863711,0.277504105090312,1.1855500821018061,0.8144499178981938,1.6075533661740558,1.3267651888341543
0.7,0.4,0.25,1.6,conservative,0.4,1.1461412151067325,1.0988728661034173,0.022988505747126436,0.6371100164203612,0.08702791461412152,0.27586206896551724,1.192118226600985,0.8111658456486044,1.6075533661740558,1.3267651888341543
0.8,0.3,0.25,1.5,safe,0.45,1.1592775041050905,1.1011255384246528,0.060755336617405585,0.6157635467980295,0.13464696223316913,0.24958949096880131,1.129720853858785,0.7471264367816092,1.6075533661740558,1.3267651888341543
0.7,0.5,0.25,1.6,conservative,0.55,1.0640394088669949,1.0323366971766557,0.0,0.7208538587848933,0.090311986863711,0.18883415435139575,1.509031198686371,0.9507389162561576,1.6075533661740558,1.3267651888341543
0.6,0.5,0.25,1.5,safe,0.45,1.1182266009852218,1.079434047781058,0.0,0.6912972085385878,0.08045977011494253,0.22824302134646965,1.3546798029556653,0.8719211822660099,1.6075533661740558,1.3267651888341543
0.65,0.45,0.2,1.7,conservative,0.4,1.1313628899835795,1.0986008316568066,0.0,0.6666666666666666,0.06568144499178982,0.2676518883415435,1.349753694581281,0.916256157635468,1.6075533661740558,1.3267651888341543
0.65,0.4,0.3,1.6,safe,0.5,1.1395730706075533,1.10468854773718,0.0016420361247947454,0.6814449917898194,0.09195402298850575,0.22660098522167485,1.385878489326765,0.9064039408866994,1.6075533661740558,1.3267651888341543
0.8,0.45,0.3,1.5,safe,0.55,1.078817733990148,1.0437813419699375,0.016420361247947452,0.6863711001642038,0.11822660098522168,0.19540229885057472,1.426929392446634,0.9146141215106732,1.6075533661740558,1.3267651888341543
0.75,0.4,0.3,1.7,safe,0.55,1.09688013136289,1.0647100898246964,0.011494252873563218,0.689655172413793,0.11165845648604271,0.1986863711001642,1.4646962233169132,0.9441707717569786,1.6075533661740558,1.3267651888341543
0.75,0.4,0.15,1.7,conservative,0.55,1.09688013136289,1.0647142996912529,0.013136288998357963,0.6847290640394089,0.1149425287356322,0.20032840722495893,1.458128078817734,0.9425287356321839,1.6075533661740558,1.3267651888341543
0.65,0.45,0.2,1.6,conservative,0.4,1.1231527093596059,1.082529228946399,0.0049261083743842365,0.6699507389162561,0.06732348111658457,0.26272577996715923,1.277504105090312,0.8505747126436781,1.6075533661740558,1.3267651888341543
0.8,0.45,0.3,1.6,safe,0.55,1.070607553366174,1.0364197662765906,0.016420361247947456,0.6863711001642036,0.11658456486042694,0.19704433497536944,1.433497536945813,0.922824302134647,1.6075533661740558,1.3267651888341543
0.75,0.45,0.25,1.7,safe,0.5,1.070607553366174,1.036485786817191,0.01477832512315271,0.6781609195402298,0.10509031198686371,0.2167487684729064,1.4105090311986863,0.9195402298850573,1.6075533661740558,1.3267651888341543
0.7,0.45,0.25,1.7,safe,0.5,1.090311986863711,1.0594599157664475,0.006568144499178982,0.6896551724137931,0.09523809523809523,0.21510673234811165,1.4499178981937604,0.949096880131363,1.6075533661740558,1.3267651888341543
0.75,0.45,0.25,1.6,conservative,0.5,1.070607553366174,1.0328685892516223,0.016420361247947456,0.6765188834154352,0.10837438423645322,0.21510673234811165,1.3661740558292284,0.8850574712643677,1.6075533661740558,1.3267651888341543
0.7,0.4,0.3,1.4,safe,0.55,1.1083743842364533,1.0690048642742613,0.01477832512315271,0.6863711001642036,0.11658456486042694,0.19704433497536944,1.385878489326765,0.8817733990147784,1.6075533661740558,1.3267651888341543
0.7,0.35,0.25,1.5,safe,0.5,1.1231527093596059,1.0771408183929243,0.019704433497536946,0.6683087027914615,0.11165845648604271,0.22003284072249588,1.302134646962233,0.8374384236453202,1.6075533661740558,1.3267651888341543
0.65,0.4,0.15,1.4,safe,0.5,1.1379310344827587,1.0947933485555688,0.011494252873563218,0.6732348111658456,0.10509031198686371,0.22167487684729062,1.3185550082101807,0.8505747126436782,1.6075533661740558,1.3267651888341543
0.6,0.5,0.2,1.6,conservative,0.5,1.0853858784893269,1.0567289403468914,0.0,0.7110016420361248,0.08374384236453203,0.20525451559934318,1.5008210180623973,0.9622331691297208,1.6075533661740558,1.3267651888341543
0.75,0.35,0.2,1.4,conservative,0.55,1.1050903119868638,1.064134539815261,0.021346469622331693,0.6666666666666666,0.1264367816091954,0.20689655172413793,1.343185550082102,0.8653530377668309,1.6075533661740558,1.3267651888341543
0.75,0.3,0.3,1.4,conservative,0.45,1.1116584564860428,1.0518649417288206,0.05090311986863711,0.6206896551724138,0.1264367816091954,0.2528735632183908,1.1182266009852218,0.7389162561576356,1.6075533661740558,1.3267651888341543
0.6,0.4,0.3,1.6,conservative,0.4,1.1116584564860428,1.0779946465294674,0.0,0.6600985221674877,0.05911330049261084,0.28078817733990147,1.308702791461412,0.8998357963875204,1.6075533661740558,1.3267651888341543
0.8,0.5,0.15,1.6,conservative,0.55,1.0279146141215108,0.9954079623661305,0.009852216748768473,0.7044334975369457,0.10016420361247948,0.19540229885057472,1.4646962233169127,0.9343185550082103,1.6075533661740558,1.3267651888341543
0.6,0.35,0.25,1.4,safe,0.4,1.09688013136289,1.0445002182303216,0.0049261083743842365,0.6568144499178982,0.06732348111658455,0.2758620689655173,1.1609195402298853,0.7668308702791462,1.6075533661740558,1.3267651888341543
0.6,0.45,0.25,1.4,safe,0.45,1.1215106732348115,1.0788268709030935,0.0016420361247947454,0.6798029556650246,0.08374384236453203,0.23645320197044337,1.2939244663382594,0.8357963875205255,1.6075533661740558,1.3267651888341543
0.6,0.5,0.3,1.6,safe,0.5,1.0853858784893269,1.0567289403468914,0.0,0.7110016420361248,0.08374384236453203,0.20525451559934318,1.5008210180623973,0.9622331691297208,1.6075533661740558,1.3267651888341543
0.8,0.3,0.15,1.5,safe,0.5,1.1444991789819376,1.0940380014070437,0.0509031198686371,0.6272577996715928,0.13957307060755336,0.23316912972085388,1.2167487684729066,0.8029556650246304,1.6075533661740558,1.3267651888341543
0.65,0.3,0.15,1.5,conservative,0.55,1.121510673234811,1.0860263468961164,0.003284072249589491,0.6781609195402298,0.10180623973727422,0.22003284072249588,1.3842364532019704,0.9047619047619048,1.6075533661740558,1.3267651888341543
0.8,0.35,0.3,1.4,safe,0.55,1.1264367816091954,1.0844828104034765,0.034482758620689655,0.6535303776683087,0.1395730706075534,0.20689655172413793,1.3267651888341543,0.8637110016420362,1.6075533661740558,1.3267651888341543
0.7,0.45,0.25,1.4,safe,0.45,1.1050903119868636,1.0538816340081703,0.022988505747126436,0.658456486042693,0.1083743842364532,0.23316912972085388,1.22495894909688,0.7898193760262727,1.6075533661740558,1.3267651888341543
0.75,0.5,0.15,1.5,safe,0.5,1.0361247947454844,0.9988892911265387,0.011494252873563218,0.6945812807881774,0.10016420361247948,0.20525451559934318,1.3891625615763548,0.8866995073891625,1.6075533661740558,1.3267651888341543
0.6,0.4,0.15,1.4,conservative,0.4,1.1165845648604267,1.0660667944728497,0.0049261083743842365,0.6617405582922824,0.06568144499178981,0.2725779967159277,1.1822660098522169,0.7783251231527094,1.6075533661740558,1.3267651888341543
0.7,0.4,0.2,1.5,safe,0.4,1.1428571428571428,1.0887385160376402,0.02955665024630542,0.6354679802955666,0.09195402298850575,0.27257799671592775,1.142857142857143,0.768472906403941,1.6075533661740558,1.3267651888341543
0.7,0.4,0.15,1.7,safe,0.55,1.1182266009852215,1.0898237456349174,0.006568144499178982,0.6880131362889984,0.10673234811165845,0.20525451559934318,1.48440065681445,0.9704433497536945,1.6075533661740558,1.3267651888341543
0.75,0.5,0.15,1.5,safe,0.4,1.0673234811165846,1.0120210821114666,0.034482758620689655,0.6551724137931035,0.10344827586206896,0.2413793103448276,1.187192118226601,0.7635467980295566,1.6075533661740558,1.3267651888341543
0.7,0.5,0.3,1.7,conservative,0.45,1.0935960591133005,1.056723124381078,0.009852216748768473,0.6880131362889984,0.09195402298850575,0.22003284072249588,1.394088669950739,0.9014778325123153,1.6075533661740558,1.3267651888341543
0.75,0.35,0.3,1.6,conservative,0.55,1.1116584564860428,1.075641159635133,0.016420361247947456,0.6699507389162561,0.11822660098522168,0.21182266009852216,1.385878489326765,0.9047619047619048,1.6075533661740558,1.3267651888341543
0.65,0.45,0.15,1.4,conservative,0.45,1.1165845648604267,1.0680666971700326,0.011494252873563218,0.6748768472906405,0.09359605911330049,0.23152709359605914,1.2610837438423645,0.8029556650246304,1.6075533661740558,1.3267651888341543
0.75,0.4,0.25,1.7,safe,0.5,1.1133004926108374,1.0751341922063833,0.019704433497536946,0.665024630541872,0.11330049261083742,0.22167487684729062,1.374384236453202,0.9014778325123153,1.6075533661740558,1.3267651888341543
0.6,0.3,0.2,1.5,conservative,0.55,1.1182266009852218,1.0851070610740858,0.0,0.6814449917898194,0.09852216748768473,0.22003284072249588,1.4022988505747127,0.9211822660098523,1.6075533661740558,1.3267651888341543
0.8,0.35,0.3,1.4,safe,0.5,1.1231527093596059,1.0723155063579772,0.047619047619047616,0.632183908045977,0.1412151067323481,0.2266009852216749,1.2216748768472907,0.8013136288998358,1.6075533661740558,1.3267651888341543
0.8,0.45,0.15,1.5,safe,0.4,1.1247947454844007,1.065349836778715,0.05911330049261084,0.625615763546798,0.12479474548440067,0.24958949096880131,1.1313628899835797,0.7422003284072249,1.6075533661740558,1.3267651888341543
0.6,0.45,0.25,1.6,conservative,0.45,1.1264367816091954,1.094995942592422,0.0,0.6847290640394088,0.07881773399014778,0.23645320197044337,1.405582922824302,0.9244663382594416,1.6075533661740558,1.3267651888341543
0.8,0.35,0.3,1.5,safe,0.4,1.1543513957307059,1.0921793639177677,0.06732348111658455,0.6009852216748769,0.1297208538587849,0.2692939244663383,1.0673234811165846,0.7241379310344828,1.6075533661740558,1.3267651888341543
0.75,0.4,0.15,1.6,conservative,0.55,1.1018062397372743,1.0656954114869757,0.01477832512315271,0.6847290640394089,0.11822660098522168,0.19704433497536944,1.420361247947455,0.9113300492610837,1.6075533661740558,1.3267651888341543
0.8,0.5,0.15,1.4,safe,0.55,1.0558292282430213,1.0202292166614912,0.006568144499178982,0.702791461412151,0.1083743842364532,0.18883415435139572,1.4417077175697866,0.9146141215106732,1.6075533661740558,1.3267651888341543
0.65,0.45,0.25,1.4,conservative,0.4,1.1412151067323482,1.0873176752790366,0.01477832512315271,0.6633825944170771,0.08045977011494253,0.25615763546798026,1.1789819376026272,0.7586206896551725,1.6075533661740558,1.3267651888341543
0.8,0.5,0.25,1.5,conservative,0.4,1.0870279146141215,1.0297152007046684,0.052545155993431854,0.632183908045977,0.12479474548440066,0.24302134646962228,1.1609195402298849,0.7586206896551723,1.6075533661740558,1.3267651888341543
0.8,0.3,0.25,1.4,safe,0.45,1.1395730706075533,1.0760379458442368,0.06568144499178981,0.6059113300492611,0.14449917898193762,0.24958949096880131,1.083743842364532,0.7175697865353037,1.6075533661740558,1.3267651888341543
0.65,0.5,0.2,1.6,safe,0.5,1.083743842364532,1.0512132085520272,0.0016420361247947454,0.7110016420361248,0.08702791461412152,0.2019704433497537,1.4564860426929391,0.9244663382594416,1.6075533661740558,1.3267651888341543
0.7,0.45,0.3,1.6,conservative,0.4,1.108374384236453,1.06282787689287,0.021346469622331693,0.6584564860426929,0.08210180623973727,0.2594417077175698,1.239737274220033,0.819376026272578,1.6075533661740558,1.3267651888341543
0.65,0.3,0.15,1.4,conservative,0.55,1.116584564860427,1.076410472185432,0.011494252873563218,0.6748768472906405,0.11001642036124794,0.21510673234811165,1.349753694581281,0.8719211822660098,1.6075533661740558,1.3267651888341543
0.7,0.5,0.25,1.4,safe,0.5,1.0426929392446633,1.0031705046762849,0.013136288998357963,0.6962233169129721,0.10509031198686371,0.1986863711001642,1.3825944170771756,0.8735632183908045,1.6075533661740558,1.3267651888341543
0.6,0.3,0.15,1.5,conservative,0.45,1.0985221674876848,1.0582146113456543,0.0,0.6584564860426929,0.07389162561576355,0.2676518883415435,1.2577996715927748,0.8472906403940886,1.6075533661740558,1.3267651888341543
0.8,0.45,0.15,1.5,conservative,0.45,1.1116584564860428,1.0608080793398198,0.042692939244663386,0.6403940886699507,0.12807881773399016,0.23152709359605914,1.2216748768472907,0.7980295566502463,1.6075533661740558,1.3267651888341543
0.8,0.45,0.15,1.4,safe,0.55,1.0821018062397372,1.0448147190533479,0.018062397372742203,0.6847290640394089,0.12151067323481117,0.19376026272577995,1.4055829228243022,0.9014778325123153,1.6075533661740558,1.3267651888341543
0.65,0.45,0.2,1.6,conservative,0.5,1.1067323481116584,1.0726496158714294,0.0016420361247947454,0.6978653530377669,0.09195402298850575,0.21018062397372742,1.4269293924466337,0.916256157635468,1.6075533661740558,1.3267651888341543
0.75,0.35,0.15,1.4,safe,0.5,1.121510673234811,1.072548261075185,0.027914614121510677,0.6551724137931035,0.12315270935960591,0.22167487684729067,1.2594417077175697,0.8111658456486043,1.6075533661740558,1.3267651888341543
0.8,0.5,0.2,1.6,safe,0.4,1.0525451559934318,1.0000035779632277,0.047619047619047616,0.6354679802955664,0.1149425287356322,0.24958949096880131,1.1904761904761905,0.7881773399014778,1.6075533661740558,1.3267651888341543
0.65,0.3,0.25,1.7,safe,0.55,1.1247947454844007,1.096203784007739,0.0,0.6814449917898194,0.09688013136288999,0.22167487684729062,1.469622331691297,0.9704433497536945,1.6075533661740558,1.3267651888341543
0.75,0.35,0.15,1.7,conservative,0.55,1.121510673234811,1.0891425941363957,0.01477832512315271,0.6666666666666666,0.11658456486042694,0.2167487684729064,1.420361247947455,0.9376026272577996,1.6075533661740558,1.3267651888341543
0.6,0.45,0.2,1.6,safe,0.55,1.1116584564860428,1.08420480400175,0.0,0.7142857142857143,0.09195402298850575,0.19376026272577995,1.541871921182266,0.986863711001642,1.6075533661740558,1.3267651888341543
0.8,0.3,0.15,1.4,safe,0.45,1.1461412151067323,1.0821523698352487,0.06568144499178981,0.6059113300492611,0.14614121510673236,0.24794745484400657,1.083743842364532,0.715927750410509,1.6075533661740558,1.3267651888341543
0.65,0.5,0.25,1.4,conservative,0.5,1.0771756978653528,1.0375727910922568,0.009852216748768473,0.7044334975369457,0.10016420361247948,0.1954022988505747,1.3973727422003286,0.8735632183908045,1.6075533661740558,1.3267651888341543
0.8,0.3,0.2,1.7,safe,0.45,1.1116584564860428,1.0621481790585756,0.04597701149425287,0.6305418719211823,0.11658456486042694,0.2528735632183908,1.2085385878489328,0.8111658456486044,1.6075533661740558,1.3267651888341543
0.75,0.5,0.2,1.7,conservative,0.5,1.0361247947454844,1.004526100557956,0.009852216748768473,0.6912972085385878,0.09688013136288999,0.21182266009852216,1.4433497536945812,0.9359605911330049,1.6075533661740558,1.3267651888341543
0.7,0.35,0.3,1.7,safe,0.55,1.1067323481116584,1.076250387271797,0.006568144499178982,0.6847290640394088,0.10673234811165845,0.20853858784893267,1.4630541871921183,0.9573070607553366,1.6075533661740558,1.3267651888341543
0.8,0.5,0.2,1.6,safe,0.55,1.0295566502463054,0.9975180750266756,0.009852216748768473,0.7044334975369457,0.10016420361247948,0.19540229885057472,1.4679802955665024,0.9376026272577996,1.6075533661740558,1.3267651888341543
0.65,0.3,0.15,1.6,conservative,0.45,1.1133004926108374,1.0745317965222332,0.003284072249589491,0.6551724137931035,0.0755336617405583,0.2692939244663382,1.277504105090312,0.8719211822660099,1.6075533661740558,1.3267651888341543
0.75,0.4,0.2,1.4,safe,0.45,1.121510673234811,1.0663962074744757,0.03776683087027915,0.645320197044335,0.11658456486042694,0.2380952380952381,1.1888341543513956,0.7684729064039408,1.6075533661740558,1.3267651888341543
0.8,0.5,0.3,1.6,conservative,0.45,1.0394088669950738,0.9950189861981533,0.031198686371100164,0.6584564860426929,0.1149425287356322,0.22660098522167485,1.2889983579638753,0.8407224958949097,1.6075533661740558,1.3267651888341543
0.75,0.35,0.3,1.7,conservative,0.4,1.1198686371100166,1.0724420523128257,0.03284072249589491,0.632183908045977,0.09195402298850575,0.2758620689655172,1.2036124794745484,0.825944170771757,1.6075533661740558,1.3267651888341543
0.6,0.3,0.15,1.4,safe,0.5,1.1395730706075533,1.0982548133243841,0.003284072249589491,0.6683087027914615,0.08374384236453203,0.24794745484400657,1.2807881773399015,0.8440065681444991,1.6075533661740558,1.3267651888341543
0.75,0.5,0.15,1.6,conservative,0.45,1.0607553366174056,1.0150179015016045,0.019704433497536946,0.6715927750410509,0.10180623973727422,0.2266009852216749,1.2939244663382594,0.8308702791461412,1.6075533661740558,1.3267651888341543
0.7,0.3,0.2,1.5,conservative,0.55,1.1149425287356323,1.0747384177688064,0.016420361247947452,0.6666666666666666,0.1149425287356322,0.21839080459770113,1.348111658456486,0.8817733990147784,1.6075533661740558,1.3267651888341543
0.75,0.3,0.25,1.6,safe,0.45,1.108374384236453,1.056465395109366,0.03940886699507389,0.6354679802955665,0.11001642036124797,0.2545155993431856,1.1888341543513958,0.7898193760262725,1.6075533661740558,1.3267651888341543
0.6,0.3,0.25,1.5,conservative,0.55,1.1182266009852218,1.0851070610740858,0.0,0.6814449917898194,0.09852216748768473,0.22003284072249588,1.4022988505747127,0.9211822660098523,1.6075533661740558,1.3267651888341543
0.6,0.45,0.25,1.5,safe,0.5,1.1165845648604271,1.08375999734697,0.0,0.6929392446633825,0.09195402298850575,0.21510673234811165,1.4137931034482758,0.9146141215106732,1.6075533661740558,1.3267651888341543
0.6,0.35,0.25,1.5,points,0.4,1.103321033210332,1.103321033210332,0.012915129151291511,0.6715867158671587,0.08487084870848709,0.24354243542435428,1.1642066420664205,0.6863468634686347,1.6162361623616235,1.3394833948339482
0.55,0.35,0.15,1.7,points,0.35,1.0682656826568264,1.0682656826568264,0.0,0.6955719557195572,0.04981549815498155,0.25461254612546125,1.2822878228782288,0.7804428044280443,1.6162361623616235,1.3394833948339482
0.7,0.35,0.1,1.8,points,0.5,1.0830258302583027,1.0830258302583027,0.012915129151291513,0.6549815498154982,0.1033210332103321,0.24169741697416974,1.3339483394833946,0.8413284132841328,1.6162361623616235,1.3394833948339482
0.65,0.6,0.15,1.7,points,0.45,1.1125461254612548,1.1125461254612548,0.0018450184501845018,0.7287822878228782,0.046125461254612546,0.22509225092250923,1.4095940959409594,0.8210332103321033,1.6162361623616235,1.3394833948339482
0.65,0.5,0.15,1.3,points,0.65,1.1143911439114391,1.1143911439114391,0.0,0.6808118081180812,0.08487084870848707,0.23431734317343172,1.5645756457564577,1.103321033210332,1.6162361623616235,1.3394833948339482
0.6,0.5,0.15,1.4,points,0.4,1.0867158671586714,1.0867158671586714,0.01845018450184502,0.6845018450184501,0.07749077490774908,0.23800738007380073,1.1900369003690037,0.7103321033210332,1.6162361623616235,1.3394833948339482
0.6,0.35,0.25,1.5,points,0.4,1.103321033210332,1.103321033210332,0.012915129151291511,0.6715867158671587,0.08487084870848709,0.24354243542435428,1.1642066420664205,0.6863468634686347,1.6162361623616235,1.3394833948339482
0.55,0.35,0.15,1.7,points,0.35,1.0682656826568264,1.0682656826568264,0.0,0.6955719557195572,0.04981549815498155,0.25461254612546125,1.2822878228782288,0.7804428044280443,1.6162361623616235,1.3394833948339482
0.7,0.35,0.1,1.8,points,0.5,1.0830258302583027,1.0830258302583027,0.012915129151291513,0.6549815498154982,0.1033210332103321,0.24169741697416974,1.3339483394833946,0.8413284132841328,1.6162361623616235,1.3394833948339482
0.65,0.6,0.15,1.7,points,0.45,1.1125461254612548,1.1125461254612548,0.0018450184501845018,0.7287822878228782,0.046125461254612546,0.22509225092250923,1.4095940959409594,0.8210332103321033,1.6162361623616235,1.3394833948339482
0.65,0.5,0.15,1.3,points,0.65,1.1143911439114391,1.1143911439114391,0.0,0.6808118081180812,0.08487084870848707,0.23431734317343172,1.5645756457564577,1.103321033210332,1.6162361623616235,1.3394833948339482
0.6,0.5,0.15,1.4,points,0.4,1.0867158671586714,1.0867158671586714,0.01845018450184502,0.6845018450184501,0.07749077490774908,0.23800738007380073,1.1900369003690037,0.7103321033210332,1.6162361623616235,1.3394833948339482
0.6,0.35,0.25,1.5,points,0.4,1.103321033210332,1.103321033210332,0.012915129151291511,0.6715867158671587,0.08487084870848709,0.24354243542435428,1.1642066420664205,0.6863468634686347,1.6162361623616235,1.3394833948339482
0.55,0.35,0.15,1.7,points,0.35,1.0682656826568264,1.0682656826568264,0.0,0.6955719557195572,0.04981549815498155,0.25461254612546125,1.2822878228782288,0.7804428044280443,1.6162361623616235,1.3394833948339482
0.65,0.6,0.15,1.7,points,0.45,1.1125461254612548,1.1125461254612548,0.0018450184501845018,0.7287822878228782,0.046125461254612546,0.22509225092250923,1.4095940959409594,0.8210332103321033,1.6162361623616235,1.3394833948339482
0.7,0.35,0.1,1.8,points,0.5,1.0830258302583027,1.0830258302583027,0.012915129151291513,0.6549815498154982,0.1033210332103321,0.24169741697416974,1.3339483394833946,0.8413284132841328,1.6162361623616235,1.3394833948339482
0.65,0.5,0.15,1.3,points,0.65,1.1143911439114391,1.1143911439114391,0.0,0.6808118081180812,0.08487084870848707,0.23431734317343172,1.5645756457564577,1.103321033210332,1.6162361623616235,1.3394833948339482
0.6,0.5,0.15,1.4,points,0.4,1.0867158671586714,1.0867158671586714,0.01845018450184502,0.6845018450184501,0.07749077490774908,0.23800738007380073,1.1900369003690037,0.7103321033210332,1.6162361623616235,1.3394833948339482
